Package,Version,URL,Status,Bloom Log,Build Log,Deb File,Installed Files
setup_files,0-2025.02.14.02.37,https://github.com/v4hn/setup_files/tree/main,success,setup_files_0-2025.02.14.02.37-bloom_generate.log,ros-one-setup-files_0-2025.02.14.02.37_amd64-2025-02-14T02:37:35Z.build,ros-one-setup-files_0-2025.02.14.02.37_amd64.deb,ros-one-setup-files_0-2025.02.14.02.37_amd64.files
ros_environment,1.3.2-5-g2686e94-2025.02.14.02.38,https://github.com/ros-o/ros_environment/tree/debian,success,ros_environment_1.3.2-5-g2686e94-2025.02.14.02.38-bloom_generate.log,ros-one-ros-environment_1.3.2-5-g2686e94-2025.02.14.02.38_amd64-2025-02-14T02:38:11Z.build,ros-one-ros-environment_1.3.2-5-g2686e94-2025.02.14.02.38_amd64.deb,ros-one-ros-environment_1.3.2-5-g2686e94-2025.02.14.02.38_amd64.files
cpp_common,0.7.3-3-gcae00b4-2025.02.14.02.40,https://github.com/ros-o/roscpp_core/tree/obese-devel,success,cpp_common_0.7.3-3-gcae00b4-2025.02.14.02.40-bloom_generate.log,ros-one-cpp-common_0.7.3-3-gcae00b4-2025.02.14.02.40_amd64-2025-02-14T02:40:35Z.build,ros-one-cpp-common_0.7.3-3-gcae00b4-2025.02.14.02.40_amd64.deb,ros-one-cpp-common_0.7.3-3-gcae00b4-2025.02.14.02.40_amd64.files
roscpp_core,0.7.3-3-gcae00b4-2025.02.14.02.41,https://github.com/ros-o/roscpp_core/tree/obese-devel,success,roscpp_core_0.7.3-3-gcae00b4-2025.02.14.02.41-bloom_generate.log,ros-one-roscpp-core_0.7.3-3-gcae00b4-2025.02.14.02.41_amd64-2025-02-14T02:41:13Z.build,ros-one-roscpp-core_0.7.3-3-gcae00b4-2025.02.14.02.41_amd64.deb,ros-one-roscpp-core_0.7.3-3-gcae00b4-2025.02.14.02.41_amd64.files
roscpp_traits,0.7.3-3-gcae00b4-2025.02.14.02.41,https://github.com/ros-o/roscpp_core/tree/obese-devel,success,roscpp_traits_0.7.3-3-gcae00b4-2025.02.14.02.41-bloom_generate.log,ros-one-roscpp-traits_0.7.3-3-gcae00b4-2025.02.14.02.41_amd64-2025-02-14T02:41:45Z.build,ros-one-roscpp-traits_0.7.3-3-gcae00b4-2025.02.14.02.41_amd64.deb,ros-one-roscpp-traits_0.7.3-3-gcae00b4-2025.02.14.02.41_amd64.files
rostime,0.7.3-3-gcae00b4-2025.02.14.02.42,https://github.com/ros-o/roscpp_core/tree/obese-devel,success,rostime_0.7.3-3-gcae00b4-2025.02.14.02.42-bloom_generate.log,ros-one-rostime_0.7.3-3-gcae00b4-2025.02.14.02.42_amd64-2025-02-14T02:42:18Z.build,ros-one-rostime_0.7.3-3-gcae00b4-2025.02.14.02.42_amd64.deb,ros-one-rostime_0.7.3-3-gcae00b4-2025.02.14.02.42_amd64.files
roscpp_serialization,0.7.3-3-gcae00b4-2025.02.14.02.42,https://github.com/ros-o/roscpp_core/tree/obese-devel,success,roscpp_serialization_0.7.3-3-gcae00b4-2025.02.14.02.42-bloom_generate.log,ros-one-roscpp-serialization_0.7.3-3-gcae00b4-2025.02.14.02.42_amd64-2025-02-14T02:42:59Z.build,ros-one-roscpp-serialization_0.7.3-3-gcae00b4-2025.02.14.02.42_amd64.deb,ros-one-roscpp-serialization_0.7.3-3-gcae00b4-2025.02.14.02.42_amd64.files
convex_decomposition,0.1.12-3-gb722eb5-2025.02.14.02.40,https://github.com/ros/convex_decomposition/tree/melodic-devel,success,convex_decomposition_0.1.12-3-gb722eb5-2025.02.14.02.40-bloom_generate.log,ros-one-convex-decomposition_0.1.12-3-gb722eb5-2025.02.14.02.40_amd64-2025-02-14T02:40:56Z.build,ros-one-convex-decomposition_0.1.12-3-gb722eb5-2025.02.14.02.40_amd64.deb,ros-one-convex-decomposition_0.1.12-3-gb722eb5-2025.02.14.02.40_amd64.files
gl_dependency,1.1.2-1-g337fcfc-2025.02.14.02.41,https://github.com/ros-visualization/gl_dependency/tree/kinetic-devel,success,gl_dependency_1.1.2-1-g337fcfc-2025.02.14.02.41-bloom_generate.log,ros-one-gl-dependency_1.1.2-1-g337fcfc-2025.02.14.02.41_amd64-2025-02-14T02:41:38Z.build,ros-one-gl-dependency_1.1.2-1-g337fcfc-2025.02.14.02.41_amd64.deb,ros-one-gl-dependency_1.1.2-1-g337fcfc-2025.02.14.02.41_amd64.files
openslam_gmapping,0.2.1-17-g5105476-2025.02.14.02.42,https://github.com/ros-perception/openslam_gmapping/tree/melodic-devel,success,openslam_gmapping_0.2.1-17-g5105476-2025.02.14.02.42-bloom_generate.log,ros-one-openslam-gmapping_0.2.1-17-g5105476-2025.02.14.02.42_amd64-2025-02-14T02:42:15Z.build,ros-one-openslam-gmapping_0.2.1-17-g5105476-2025.02.14.02.42_amd64.deb,ros-one-openslam-gmapping_0.2.1-17-g5105476-2025.02.14.02.42_amd64.files
roslint,0.12.0-4-gac02636-2025.02.14.02.43,https://github.com/ros/roslint/tree/master,success,roslint_0.12.0-4-gac02636-2025.02.14.02.43-bloom_generate.log,ros-one-roslint_0.12.0-4-gac02636-2025.02.14.02.43_amd64-2025-02-14T02:43:13Z.build,ros-one-roslint_0.12.0-4-gac02636-2025.02.14.02.43_amd64.deb,ros-one-roslint_0.12.0-4-gac02636-2025.02.14.02.43_amd64.files
soem,1.4.1003-1-g988013c-2025.02.14.02.43,https://github.com/mgruhler/soem/tree/melodic,success,soem_1.4.1003-1-g988013c-2025.02.14.02.43-bloom_generate.log,ros-one-soem_1.4.1003-1-g988013c-2025.02.14.02.43_amd64-2025-02-14T02:43:53Z.build,ros-one-soem_1.4.1003-1-g988013c-2025.02.14.02.43_amd64.deb,ros-one-soem_1.4.1003-1-g988013c-2025.02.14.02.43_amd64.files
code_coverage,0.4.4-5-g7c273b3-2025.02.14.02.40,https://github.com/mikeferguson/code_coverage/tree/master,success,code_coverage_0.4.4-5-g7c273b3-2025.02.14.02.40-bloom_generate.log,ros-one-code-coverage_0.4.4-5-g7c273b3-2025.02.14.02.40_amd64-2025-02-14T02:40:53Z.build,ros-one-code-coverage_0.4.4-5-g7c273b3-2025.02.14.02.40_amd64.deb,ros-one-code-coverage_0.4.4-5-g7c273b3-2025.02.14.02.40_amd64.files
librealsense2,2.54.2-7-ga359010b3-2025.02.14.02.41,https://github.com/ros-o/librealsense/tree/master,success,librealsense2_2.54.2-7-ga359010b3-2025.02.14.02.41-bloom_generate.log,ros-one-librealsense2_2.54.2-7-ga359010b3-2025.02.14.02.41_amd64-2025-02-14T02:41:43Z.build,ros-one-librealsense2_2.54.2-7-ga359010b3-2025.02.14.02.41_amd64.deb,ros-one-librealsense2_2.54.2-7-ga359010b3-2025.02.14.02.41_amd64.files
mavlink,2024.10.10-1-2025.02.14.02.55,https://github.com/mavlink/mavlink-gbp-release/tree/release/noetic/mavlink,success,mavlink_2024.10.10-1-2025.02.14.02.55-bloom_generate.log,ros-one-mavlink_2024.10.10-1-2025.02.14.02.55_amd64-2025-02-14T02:55:30Z.build,ros-one-mavlink_2024.10.10-1-2025.02.14.02.55_amd64.deb,ros-one-mavlink_2024.10.10-1-2025.02.14.02.55_amd64.files
prosilica_gige_sdk,1.26.3-2025.02.14.02.56,https://github.com/ros-drivers/prosilica_gige_sdk/tree/hydro-devel,success,prosilica_gige_sdk_1.26.3-2025.02.14.02.56-bloom_generate.log,ros-one-prosilica-gige-sdk_1.26.3-2025.02.14.02.56_amd64-2025-02-14T02:56:25Z.build,ros-one-prosilica-gige-sdk_1.26.3-2025.02.14.02.56_amd64.deb,ros-one-prosilica-gige-sdk_1.26.3-2025.02.14.02.56_amd64.files
stage,4.3.0-17-g2d2e0724-2025.02.14.02.56,https://github.com/ros-o/Stage/tree/obese-devel,success,stage_4.3.0-17-g2d2e0724-2025.02.14.02.56-bloom_generate.log,ros-one-stage_4.3.0-17-g2d2e0724-2025.02.14.02.56_amd64-2025-02-14T02:57:01Z.build,ros-one-stage_4.3.0-17-g2d2e0724-2025.02.14.02.56_amd64.deb,ros-one-stage_4.3.0-17-g2d2e0724-2025.02.14.02.56_amd64.files
baldor,0.1.3-3-g10fabc5-2025.02.14.02.40,https://github.com/crigroup/baldor/tree/master,success,baldor_0.1.3-3-g10fabc5-2025.02.14.02.40-bloom_generate.log,ros-one-baldor_0.1.3-3-g10fabc5-2025.02.14.02.40_amd64-2025-02-14T02:40:42Z.build,ros-one-baldor_0.1.3-3-g10fabc5-2025.02.14.02.40_amd64.deb,ros-one-baldor_0.1.3-3-g10fabc5-2025.02.14.02.40_amd64.files
cmake_modules,0.5.0-3-g05347c1-2025.02.14.02.41,https://github.com/ros/cmake_modules/tree/0.5-devel,success,cmake_modules_0.5.0-3-g05347c1-2025.02.14.02.41-bloom_generate.log,ros-one-cmake-modules_0.5.0-3-g05347c1-2025.02.14.02.41_amd64-2025-02-14T02:41:17Z.build,ros-one-cmake-modules_0.5.0-3-g05347c1-2025.02.14.02.41_amd64.deb,ros-one-cmake-modules_0.5.0-3-g05347c1-2025.02.14.02.41_amd64.files
genmsg,0.5.16-1-g7d8b6ce-2025.02.14.02.41,https://github.com/ros/genmsg/tree/kinetic-devel,success,genmsg_0.5.16-1-g7d8b6ce-2025.02.14.02.41-bloom_generate.log,ros-one-genmsg_0.5.16-1-g7d8b6ce-2025.02.14.02.41_amd64-2025-02-14T02:41:49Z.build,ros-one-genmsg_0.5.16-1-g7d8b6ce-2025.02.14.02.41_amd64.deb,ros-one-genmsg_0.5.16-1-g7d8b6ce-2025.02.14.02.41_amd64.files
media_export,0.3.0-2025.02.14.02.42,https://github.com/ros/media_export/tree/kinetic-devel,success,media_export_0.3.0-2025.02.14.02.42-bloom_generate.log,ros-one-media-export_0.3.0-2025.02.14.02.42_amd64-2025-02-14T02:42:23Z.build,ros-one-media-export_0.3.0-2025.02.14.02.42_amd64.deb,ros-one-media-export_0.3.0-2025.02.14.02.42_amd64.files
rosbag_migration_rule,1.0.1-1-g2269b62-2025.02.14.02.42,https://github.com/ros/rosbag_migration_rule/tree/master,success,rosbag_migration_rule_1.0.1-1-g2269b62-2025.02.14.02.42-bloom_generate.log,ros-one-rosbag-migration-rule_1.0.1-1-g2269b62-2025.02.14.02.42_amd64-2025-02-14T02:42:58Z.build,ros-one-rosbag-migration-rule_1.0.1-1-g2269b62-2025.02.14.02.42_amd64.deb,ros-one-rosbag-migration-rule_1.0.1-1-g2269b62-2025.02.14.02.42_amd64.files
apriltag,3.4.2-33-gfc2a7b2-2025.02.14.02.40,https://github.com/AprilRobotics/apriltag/tree/master,success,apriltag_3.4.2-33-gfc2a7b2-2025.02.14.02.40-bloom_generate.log,ros-one-apriltag_3.4.2-33-gfc2a7b2-2025.02.14.02.40_amd64-2025-02-14T02:40:52Z.build,ros-one-apriltag_3.4.2-33-gfc2a7b2-2025.02.14.02.40_amd64.deb,ros-one-apriltag_3.4.2-33-gfc2a7b2-2025.02.14.02.40_amd64.files
ivcon,0.1.7-2-g5c97b19-2025.02.14.02.41,https://github.com/ros/ivcon/tree/melodic-devel,success,ivcon_0.1.7-2-g5c97b19-2025.02.14.02.41-bloom_generate.log,ros-one-ivcon_0.1.7-2-g5c97b19-2025.02.14.02.41_amd64-2025-02-14T02:41:35Z.build,ros-one-ivcon_0.1.7-2-g5c97b19-2025.02.14.02.41_amd64.deb,ros-one-ivcon_0.1.7-2-g5c97b19-2025.02.14.02.41_amd64.files
pybind11_catkin,2.10.3-4-gd21b4ff-2025.02.14.02.42,https://github.com/wxmerkt/pybind11_catkin/tree/master,success,pybind11_catkin_2.10.3-4-gd21b4ff-2025.02.14.02.42-bloom_generate.log,ros-one-pybind11-catkin_2.10.3-4-gd21b4ff-2025.02.14.02.42_amd64-2025-02-14T02:42:15Z.build,ros-one-pybind11-catkin_2.10.3-4-gd21b4ff-2025.02.14.02.42_amd64.deb,ros-one-pybind11-catkin_2.10.3-4-gd21b4ff-2025.02.14.02.42_amd64.files
ruckig,0.14.0-9-g8a10e01-2025.02.14.02.42,https://github.com/pantor/ruckig/tree/main,success,ruckig_0.14.0-9-g8a10e01-2025.02.14.02.42-bloom_generate.log,ros-one-ruckig_0.14.0-9-g8a10e01-2025.02.14.02.42_amd64-2025-02-14T02:42:50Z.build,ros-one-ruckig_0.14.0-9-g8a10e01-2025.02.14.02.42_amd64.deb,ros-one-ruckig_0.14.0-9-g8a10e01-2025.02.14.02.42_amd64.files
urg_c,1.0.405-1-gbbe007f-2025.02.14.02.44,https://github.com/ros-drivers/urg_c/tree/master,success,urg_c_1.0.405-1-gbbe007f-2025.02.14.02.44-bloom_generate.log,ros-one-urg-c_1.0.405-1-gbbe007f-2025.02.14.02.44_amd64-2025-02-14T02:44:51Z.build,ros-one-urg-c_1.0.405-1-gbbe007f-2025.02.14.02.44_amd64.deb,ros-one-urg-c_1.0.405-1-gbbe007f-2025.02.14.02.44_amd64.files
eml,0-2025.02.14.02.40,https://github.com/ros-o/eml/tree/main,success,eml_0-2025.02.14.02.40-bloom_generate.log,ros-one-eml_0-2025.02.14.02.40_amd64-2025-02-14T02:40:51Z.build,ros-one-eml_0-2025.02.14.02.40_amd64.deb,ros-one-eml_0-2025.02.14.02.40_amd64.files
qwt_dependency,1.1.1-2-g91d8aee-2025.02.14.02.41,https://github.com/ros-visualization/qwt_dependency/tree/kinetic-devel,success,qwt_dependency_1.1.1-2-g91d8aee-2025.02.14.02.41-bloom_generate.log,ros-one-qwt-dependency_1.1.1-2-g91d8aee-2025.02.14.02.41_amd64-2025-02-14T02:41:26Z.build,ros-one-qwt-dependency_1.1.1-2-g91d8aee-2025.02.14.02.41_amd64.deb,ros-one-qwt-dependency_1.1.1-2-g91d8aee-2025.02.14.02.41_amd64.files
random_numbers,0.3.3-1-g51f6043-2025.02.14.02.42,https://github.com/moveit/random_numbers/tree/master,success,random_numbers_0.3.3-1-g51f6043-2025.02.14.02.42-bloom_generate.log,ros-one-random-numbers_0.3.3-1-g51f6043-2025.02.14.02.42_amd64-2025-02-14T02:42:01Z.build,ros-one-random-numbers_0.3.3-1-g51f6043-2025.02.14.02.42_amd64.deb,ros-one-random-numbers_0.3.3-1-g51f6043-2025.02.14.02.42_amd64.files
ur_client_library,1.6.0-26-g97ad825-2025.02.14.02.42,https://github.com/UniversalRobots/Universal_Robots_Client_Library/tree/master,success,ur_client_library_1.6.0-26-g97ad825-2025.02.14.02.42-bloom_generate.log,ros-one-ur-client-library_1.6.0-26-g97ad825-2025.02.14.02.42_amd64-2025-02-14T02:42:59Z.build,ros-one-ur-client-library_1.6.0-26-g97ad825-2025.02.14.02.42_amd64.deb,ros-one-ur-client-library_1.6.0-26-g97ad825-2025.02.14.02.42_amd64.files
webkit_dependency,1.1.2-2025.02.14.02.44,https://github.com/ros-visualization/webkit_dependency/tree/kinetic-devel,success,webkit_dependency_1.1.2-2025.02.14.02.44-bloom_generate.log,ros-one-webkit-dependency_1.1.2-2025.02.14.02.44_amd64-2025-02-14T02:44:02Z.build,ros-one-webkit-dependency_1.1.2-2025.02.14.02.44_amd64.deb,ros-one-webkit-dependency_1.1.2-2025.02.14.02.44_amd64.files
ros_industrial_cmake_boilerplate,0.7.3-1-g8a7dec9-2025.02.14.02.40,https://github.com/ros-industrial/ros_industrial_cmake_boilerplate/tree/master,success,ros_industrial_cmake_boilerplate_0.7.3-1-g8a7dec9-2025.02.14.02.40-bloom_generate.log,ros-one-ros-industrial-cmake-boilerplate_0.7.3-1-g8a7dec9-2025.02.14.02.40_amd64-2025-02-14T02:40:55Z.build,ros-one-ros-industrial-cmake-boilerplate_0.7.3-1-g8a7dec9-2025.02.14.02.40_amd64.deb,ros-one-ros-industrial-cmake-boilerplate_0.7.3-1-g8a7dec9-2025.02.14.02.40_amd64.files
ompl,1.6.0-93-g2f22d2c9-2025.02.14.02.40,https://github.com/ompl/ompl/tree/main,success,ompl_1.6.0-93-g2f22d2c9-2025.02.14.02.40-bloom_generate.log,ros-one-ompl_1.6.0-93-g2f22d2c9-2025.02.14.02.40_amd64-2025-02-14T02:40:55Z.build,ros-one-ompl_1.6.0-93-g2f22d2c9-2025.02.14.02.40_amd64.deb,ros-one-ompl_1.6.0-93-g2f22d2c9-2025.02.14.02.40_amd64.files
eigenpy,3.10.3-2025.02.14.02.40,https://github.com/stack-of-tasks/eigenpy/tree/master,success,eigenpy_3.10.3-2025.02.14.02.40-bloom_generate.log,ros-one-eigenpy_3.10.3-2025.02.14.02.40_amd64-2025-02-14T02:40:55Z.build,ros-one-eigenpy_3.10.3-2025.02.14.02.40_amd64.deb,ros-one-eigenpy_3.10.3-2025.02.14.02.40_amd64.files
rospack,2.6.2-2-gad85a87-2025.02.14.03.00,https://github.com/ros/rospack/tree/noetic-devel,success,rospack_2.6.2-2-gad85a87-2025.02.14.03.00-bloom_generate.log,ros-one-rospack_2.6.2-2-gad85a87-2025.02.14.03.00_amd64-2025-02-14T03:00:09Z.build,ros-one-rospack_2.6.2-2-gad85a87-2025.02.14.03.00_amd64.deb,ros-one-rospack_2.6.2-2-gad85a87-2025.02.14.03.00_amd64.files
geneus,3.0.0-2025.02.14.03.00,https://github.com/jsk-ros-pkg/geneus/tree/master,success,geneus_3.0.0-2025.02.14.03.00-bloom_generate.log,ros-one-geneus_3.0.0-2025.02.14.03.00_amd64-2025-02-14T03:00:38Z.build,ros-one-geneus_3.0.0-2025.02.14.03.00_amd64.deb,ros-one-geneus_3.0.0-2025.02.14.03.00_amd64.files
genlisp,0.4.18-2025.02.14.03.00,https://github.com/ros/genlisp/tree/kinetic-devel,success,genlisp_0.4.18-2025.02.14.03.00-bloom_generate.log,ros-one-genlisp_0.4.18-2025.02.14.03.00_amd64-2025-02-14T03:00:48Z.build,ros-one-genlisp_0.4.18-2025.02.14.03.00_amd64.deb,ros-one-genlisp_0.4.18-2025.02.14.03.00_amd64.files
genpy,0.6.16-6-gf70658f-2025.02.14.03.00,https://github.com/ros/genpy/tree/main,success,genpy_0.6.16-6-gf70658f-2025.02.14.03.00-bloom_generate.log,ros-one-genpy_0.6.16-6-gf70658f-2025.02.14.03.00_amd64-2025-02-14T03:00:55Z.build,ros-one-genpy_0.6.16-6-gf70658f-2025.02.14.03.00_amd64.deb,ros-one-genpy_0.6.16-6-gf70658f-2025.02.14.03.00_amd64.files
opw_kinematics,0.5.2-1-g7b9d56e-2025.02.14.03.00,https://github.com/Jmeyer1292/opw_kinematics/tree/master,success,opw_kinematics_0.5.2-1-g7b9d56e-2025.02.14.03.00-bloom_generate.log,ros-one-opw-kinematics_0.5.2-1-g7b9d56e-2025.02.14.03.00_amd64-2025-02-14T03:00:22Z.build,ros-one-opw-kinematics_0.5.2-1-g7b9d56e-2025.02.14.03.00_amd64.deb,ros-one-opw-kinematics_0.5.2-1-g7b9d56e-2025.02.14.03.00_amd64.files
gencpp,0-2025.02.14.03.00,https://github.com/ros-o/gencpp/tree/obese-devel,success,gencpp_0-2025.02.14.03.00-bloom_generate.log,ros-one-gencpp_0-2025.02.14.03.00_amd64-2025-02-14T03:00:16Z.build,ros-one-gencpp_0-2025.02.14.03.00_amd64.deb,ros-one-gencpp_0-2025.02.14.03.00_amd64.files
eigen_stl_containers,0.1.8-2-gd2a41f0-2025.02.14.03.00,https://github.com/ros/eigen_stl_containers/tree/master,success,eigen_stl_containers_0.1.8-2-gd2a41f0-2025.02.14.03.00-bloom_generate.log,ros-one-eigen-stl-containers_0.1.8-2-gd2a41f0-2025.02.14.03.00_amd64-2025-02-14T03:00:13Z.build,ros-one-eigen-stl-containers_0.1.8-2-gd2a41f0-2025.02.14.03.00_amd64.deb,ros-one-eigen-stl-containers_0.1.8-2-gd2a41f0-2025.02.14.03.00_amd64.files
class_loader,0.5.0-6-g9f3288d-2025.02.14.03.00,https://github.com/ros/class_loader/tree/noetic-devel,success,class_loader_0.5.0-6-g9f3288d-2025.02.14.03.00-bloom_generate.log,ros-one-class-loader_0.5.0-6-g9f3288d-2025.02.14.03.00_amd64-2025-02-14T03:00:17Z.build,ros-one-class-loader_0.5.0-6-g9f3288d-2025.02.14.03.00_amd64.deb,ros-one-class-loader_0.5.0-6-g9f3288d-2025.02.14.03.00_amd64.files
rosdoc_lite,0.2.11-2-gddd0835-2025.02.14.03.00,https://github.com/ros-infrastructure/rosdoc_lite/tree/master,success,rosdoc_lite_0.2.11-2-gddd0835-2025.02.14.03.00-bloom_generate.log,ros-one-rosdoc-lite_0.2.11-2-gddd0835-2025.02.14.03.00_amd64-2025-02-14T03:00:18Z.build,ros-one-rosdoc-lite_0.2.11-2-gddd0835-2025.02.14.03.00_amd64.deb,ros-one-rosdoc-lite_0.2.11-2-gddd0835-2025.02.14.03.00_amd64.files
gennodejs,2.0.1-8-g19d224c-2025.02.14.03.00,https://github.com/RethinkRobotics-opensource/gennodejs/tree/kinetic-devel,success,gennodejs_2.0.1-8-g19d224c-2025.02.14.03.00-bloom_generate.log,ros-one-gennodejs_2.0.1-8-g19d224c-2025.02.14.03.00_amd64-2025-02-14T03:00:39Z.build,ros-one-gennodejs_2.0.1-8-g19d224c-2025.02.14.03.00_amd64.deb,ros-one-gennodejs_2.0.1-8-g19d224c-2025.02.14.03.00_amd64.files
hpp-fcl,2.4.5-2025.02.14.03.01,https://github.com/humanoid-path-planner/hpp-fcl/tree/HEAD,success,hpp-fcl_2.4.5-2025.02.14.03.01-bloom_generate.log,ros-one-hpp-fcl_2.4.5-2025.02.14.03.01_amd64-2025-02-14T03:01:28Z.build,ros-one-hpp-fcl_2.4.5-2025.02.14.03.01_amd64.deb,ros-one-hpp-fcl_2.4.5-2025.02.14.03.01_amd64.files
message_generation,0.4.1-2025.02.14.03.09,https://github.com/ros/message_generation/tree/kinetic-devel,success,message_generation_0.4.1-2025.02.14.03.09-bloom_generate.log,ros-one-message-generation_0.4.1-2025.02.14.03.09_amd64-2025-02-14T03:09:46Z.build,ros-one-message-generation_0.4.1-2025.02.14.03.09_amd64.deb,ros-one-message-generation_0.4.1-2025.02.14.03.09_amd64.files
message_runtime,0.4.13-2025.02.14.03.09,https://github.com/ros/message_runtime/tree/kinetic-devel,success,message_runtime_0.4.13-2025.02.14.03.09-bloom_generate.log,ros-one-message-runtime_0.4.13-2025.02.14.03.09_amd64-2025-02-14T03:09:27Z.build,ros-one-message-runtime_0.4.13-2025.02.14.03.09_amd64.deb,ros-one-message-runtime_0.4.13-2025.02.14.03.09_amd64.files
pinocchio,3.4.0-2025.02.14.03.09,https://github.com/stack-of-tasks/pinocchio/tree/master,success,pinocchio_3.4.0-2025.02.14.03.09-bloom_generate.log,ros-one-pinocchio_3.4.0-2025.02.14.03.09_amd64-2025-02-14T03:09:50Z.build,ros-one-pinocchio_3.4.0-2025.02.14.03.09_amd64.deb,ros-one-pinocchio_3.4.0-2025.02.14.03.09_amd64.files
mk,1.15.8-3-g136e18e9-2025.02.14.03.35,https://github.com/ros/ros/tree/noetic-devel,success,mk_1.15.8-3-g136e18e9-2025.02.14.03.35-bloom_generate.log,ros-one-mk_1.15.8-3-g136e18e9-2025.02.14.03.35_amd64-2025-02-14T03:35:22Z.build,ros-one-mk_1.15.8-3-g136e18e9-2025.02.14.03.35_amd64.deb,ros-one-mk_1.15.8-3-g136e18e9-2025.02.14.03.35_amd64.files
ros,1.15.8-3-g136e18e9-2025.02.14.03.36,https://github.com/ros/ros/tree/noetic-devel,success,ros_1.15.8-3-g136e18e9-2025.02.14.03.36-bloom_generate.log,ros-one-ros_1.15.8-3-g136e18e9-2025.02.14.03.36_amd64-2025-02-14T03:36:08Z.build,ros-one-ros_1.15.8-3-g136e18e9-2025.02.14.03.36_amd64.deb,ros-one-ros_1.15.8-3-g136e18e9-2025.02.14.03.36_amd64.files
rosbash,1.15.8-3-g136e18e9-2025.02.14.03.36,https://github.com/ros/ros/tree/noetic-devel,success,rosbash_1.15.8-3-g136e18e9-2025.02.14.03.36-bloom_generate.log,ros-one-rosbash_1.15.8-3-g136e18e9-2025.02.14.03.36_amd64-2025-02-14T03:36:55Z.build,ros-one-rosbash_1.15.8-3-g136e18e9-2025.02.14.03.36_amd64.deb,ros-one-rosbash_1.15.8-3-g136e18e9-2025.02.14.03.36_amd64.files
rosboost_cfg,1.15.8-3-g136e18e9-2025.02.14.03.37,https://github.com/ros/ros/tree/noetic-devel,success,rosboost_cfg_1.15.8-3-g136e18e9-2025.02.14.03.37-bloom_generate.log,ros-one-rosboost-cfg_1.15.8-3-g136e18e9-2025.02.14.03.37_amd64-2025-02-14T03:37:42Z.build,ros-one-rosboost-cfg_1.15.8-3-g136e18e9-2025.02.14.03.37_amd64.deb,ros-one-rosboost-cfg_1.15.8-3-g136e18e9-2025.02.14.03.37_amd64.files
rosbuild,1.15.8-3-g136e18e9-2025.02.14.03.38,https://github.com/ros/ros/tree/noetic-devel,success,rosbuild_1.15.8-3-g136e18e9-2025.02.14.03.38-bloom_generate.log,ros-one-rosbuild_1.15.8-3-g136e18e9-2025.02.14.03.38_amd64-2025-02-14T03:38:30Z.build,ros-one-rosbuild_1.15.8-3-g136e18e9-2025.02.14.03.38_amd64.deb,ros-one-rosbuild_1.15.8-3-g136e18e9-2025.02.14.03.38_amd64.files
rosclean,1.15.8-3-g136e18e9-2025.02.14.03.39,https://github.com/ros/ros/tree/noetic-devel,success,rosclean_1.15.8-3-g136e18e9-2025.02.14.03.39-bloom_generate.log,ros-one-rosclean_1.15.8-3-g136e18e9-2025.02.14.03.39_amd64-2025-02-14T03:39:16Z.build,ros-one-rosclean_1.15.8-3-g136e18e9-2025.02.14.03.39_amd64.deb,ros-one-rosclean_1.15.8-3-g136e18e9-2025.02.14.03.39_amd64.files
roscreate,1.15.8-3-g136e18e9-2025.02.14.03.40,https://github.com/ros/ros/tree/noetic-devel,success,roscreate_1.15.8-3-g136e18e9-2025.02.14.03.40-bloom_generate.log,ros-one-roscreate_1.15.8-3-g136e18e9-2025.02.14.03.40_amd64-2025-02-14T03:40:05Z.build,ros-one-roscreate_1.15.8-3-g136e18e9-2025.02.14.03.40_amd64.deb,ros-one-roscreate_1.15.8-3-g136e18e9-2025.02.14.03.40_amd64.files
roslang,1.15.8-3-g136e18e9-2025.02.14.03.40,https://github.com/ros/ros/tree/noetic-devel,success,roslang_1.15.8-3-g136e18e9-2025.02.14.03.40-bloom_generate.log,ros-one-roslang_1.15.8-3-g136e18e9-2025.02.14.03.40_amd64-2025-02-14T03:40:55Z.build,ros-one-roslang_1.15.8-3-g136e18e9-2025.02.14.03.40_amd64.deb,ros-one-roslang_1.15.8-3-g136e18e9-2025.02.14.03.40_amd64.files
rosmake,1.15.8-3-g136e18e9-2025.02.14.03.41,https://github.com/ros/ros/tree/noetic-devel,success,rosmake_1.15.8-3-g136e18e9-2025.02.14.03.41-bloom_generate.log,ros-one-rosmake_1.15.8-3-g136e18e9-2025.02.14.03.41_amd64-2025-02-14T03:41:44Z.build,ros-one-rosmake_1.15.8-3-g136e18e9-2025.02.14.03.41_amd64.deb,ros-one-rosmake_1.15.8-3-g136e18e9-2025.02.14.03.41_amd64.files
roslib,1.15.8-3-g136e18e9-2025.02.14.03.42,https://github.com/ros/ros/tree/noetic-devel,success,roslib_1.15.8-3-g136e18e9-2025.02.14.03.42-bloom_generate.log,ros-one-roslib_1.15.8-3-g136e18e9-2025.02.14.03.42_amd64-2025-02-14T03:42:34Z.build,ros-one-roslib_1.15.8-3-g136e18e9-2025.02.14.03.42_amd64.deb,ros-one-roslib_1.15.8-3-g136e18e9-2025.02.14.03.42_amd64.files
rosunit,1.15.8-3-g136e18e9-2025.02.14.03.43,https://github.com/ros/ros/tree/noetic-devel,success,rosunit_1.15.8-3-g136e18e9-2025.02.14.03.43-bloom_generate.log,ros-one-rosunit_1.15.8-3-g136e18e9-2025.02.14.03.43_amd64-2025-02-14T03:43:36Z.build,ros-one-rosunit_1.15.8-3-g136e18e9-2025.02.14.03.43_amd64.deb,ros-one-rosunit_1.15.8-3-g136e18e9-2025.02.14.03.43_amd64.files
libfranka,0-2025.02.14.03.35,https://github.com/ros-o/libfranka/tree/obese-devel,success,libfranka_0-2025.02.14.03.35-bloom_generate.log,ros-one-libfranka_0-2025.02.14.03.35_amd64-2025-02-14T03:35:16Z.build,ros-one-libfranka_0-2025.02.14.03.35_amd64.deb,ros-one-libfranka_0-2025.02.14.03.35_amd64.files
std_msgs,0.5.13-1-gf3554d4-2025.02.14.03.45,https://github.com/ros/std_msgs/tree/kinetic-devel,success,std_msgs_0.5.13-1-gf3554d4-2025.02.14.03.45-bloom_generate.log,ros-one-std-msgs_0.5.13-1-gf3554d4-2025.02.14.03.45_amd64-2025-02-14T03:45:22Z.build,ros-one-std-msgs_0.5.13-1-gf3554d4-2025.02.14.03.45_amd64.deb,ros-one-std-msgs_0.5.13-1-gf3554d4-2025.02.14.03.45_amd64.files
rosgraph_msgs,1.11.3-1-gf51a0429-2025.02.14.03.48,https://github.com/ros/ros_comm_msgs/tree/kinetic-devel,success,rosgraph_msgs_1.11.3-1-gf51a0429-2025.02.14.03.48-bloom_generate.log,ros-one-rosgraph-msgs_1.11.3-1-gf51a0429-2025.02.14.03.48_amd64-2025-02-14T03:48:55Z.build,ros-one-rosgraph-msgs_1.11.3-1-gf51a0429-2025.02.14.03.48_amd64.deb,ros-one-rosgraph-msgs_1.11.3-1-gf51a0429-2025.02.14.03.48_amd64.files
std_srvs,1.11.3-1-gf51a0429-2025.02.14.03.49,https://github.com/ros/ros_comm_msgs/tree/kinetic-devel,success,std_srvs_1.11.3-1-gf51a0429-2025.02.14.03.49-bloom_generate.log,ros-one-std-srvs_1.11.3-1-gf51a0429-2025.02.14.03.49_amd64-2025-02-14T03:49:54Z.build,ros-one-std-srvs_1.11.3-1-gf51a0429-2025.02.14.03.49_amd64.deb,ros-one-std-srvs_1.11.3-1-gf51a0429-2025.02.14.03.49_amd64.files
behaviortree_cpp,4.6.2-32-g87d2f03-2025.02.14.03.49,https://github.com/BehaviorTree/BehaviorTree.CPP/tree/master,success,behaviortree_cpp_4.6.2-32-g87d2f03-2025.02.14.03.49-bloom_generate.log,ros-one-behaviortree-cpp_4.6.2-32-g87d2f03-2025.02.14.03.49_amd64-2025-02-14T03:49:44Z.build,ros-one-behaviortree-cpp_4.6.2-32-g87d2f03-2025.02.14.03.49_amd64.deb,ros-one-behaviortree-cpp_4.6.2-32-g87d2f03-2025.02.14.03.49_amd64.files
plotjuggler_msgs,0.2.1-2025.02.14.03.54,https://github.com/facontidavide/plotjuggler_msgs/tree/HEAD,success,plotjuggler_msgs_0.2.1-2025.02.14.03.54-bloom_generate.log,ros-one-plotjuggler-msgs_0.2.1-2025.02.14.03.54_amd64-2025-02-14T03:54:43Z.build,ros-one-plotjuggler-msgs_0.2.1-2025.02.14.03.54_amd64.deb,ros-one-plotjuggler-msgs_0.2.1-2025.02.14.03.54_amd64.files
bfl,0.8.0-1-2025.02.14.03.48,https://github.com/ros-gbp/bfl-release/tree/release/melodic/bfl,success,bfl_0.8.0-1-2025.02.14.03.48-bloom_generate.log,ros-one-bfl_0.8.0-1-2025.02.14.03.48_amd64-2025-02-14T03:48:30Z.build,ros-one-bfl_0.8.0-1-2025.02.14.03.48_amd64.deb,ros-one-bfl_0.8.0-1-2025.02.14.03.48_amd64.files
rosconsole,1.14.3-5-ge3753eec-2025.02.14.03.50,https://github.com/ros-o/rosconsole/tree/obese-devel,success,rosconsole_1.14.3-5-ge3753eec-2025.02.14.03.50-bloom_generate.log,ros-one-rosconsole_1.14.3-5-ge3753eec-2025.02.14.03.50_amd64-2025-02-14T03:50:23Z.build,ros-one-rosconsole_1.14.3-5-ge3753eec-2025.02.14.03.50_amd64.deb,ros-one-rosconsole_1.14.3-5-ge3753eec-2025.02.14.03.50_amd64.files
angles,1.9.13-2-g2392b18-2025.02.14.03.48,https://github.com/ros/angles/tree/master,success,angles_1.9.13-2-g2392b18-2025.02.14.03.48-bloom_generate.log,ros-one-angles_1.9.13-2-g2392b18-2025.02.14.03.48_amd64-2025-02-14T03:48:30Z.build,ros-one-angles_1.9.13-2-g2392b18-2025.02.14.03.48_amd64.deb,ros-one-angles_1.9.13-2-g2392b18-2025.02.14.03.48_amd64.files
python_qt_binding,0.4.4-13-gacea937-2025.02.14.03.49,https://github.com/ros-o/python_qt_binding/tree/obese-devel,success,python_qt_binding_0.4.4-13-gacea937-2025.02.14.03.49-bloom_generate.log,ros-one-python-qt-binding_0.4.4-13-gacea937-2025.02.14.03.49_amd64-2025-02-14T03:49:21Z.build,ros-one-python-qt-binding_0.4.4-13-gacea937-2025.02.14.03.49_amd64.deb,ros-one-python-qt-binding_0.4.4-13-gacea937-2025.02.14.03.49_amd64.files
four_wheel_steering_msgs,1.1.1-2025.02.14.03.48,https://github.com/ros-drivers/four_wheel_steering_msgs/tree/master,success,four_wheel_steering_msgs_1.1.1-2025.02.14.03.48-bloom_generate.log,ros-one-four-wheel-steering-msgs_1.1.1-2025.02.14.03.48_amd64-2025-02-14T03:48:34Z.build,ros-one-four-wheel-steering-msgs_1.1.1-2025.02.14.03.48_amd64.deb,ros-one-four-wheel-steering-msgs_1.1.1-2025.02.14.03.48_amd64.files
resource_retriever,1.12.7-5-g40d08d6-2025.02.14.03.57,https://github.com/ros-o/resource_retriever/tree/obese-devel,success,resource_retriever_1.12.7-5-g40d08d6-2025.02.14.03.57-bloom_generate.log,ros-one-resource-retriever_1.12.7-5-g40d08d6-2025.02.14.03.57_amd64-2025-02-14T03:57:55Z.build,ros-one-resource-retriever_1.12.7-5-g40d08d6-2025.02.14.03.57_amd64.deb,ros-one-resource-retriever_1.12.7-5-g40d08d6-2025.02.14.03.57_amd64.files
pluginlib,1.13.0-2-g51a2cb0-2025.02.14.03.57,https://github.com/ros-o/pluginlib/tree/obese-devel,success,pluginlib_1.13.0-2-g51a2cb0-2025.02.14.03.57-bloom_generate.log,ros-one-pluginlib_1.13.0-2-g51a2cb0-2025.02.14.03.57_amd64-2025-02-14T03:58:00Z.build,ros-one-pluginlib_1.13.0-2-g51a2cb0-2025.02.14.03.57_amd64.deb,ros-one-pluginlib_1.13.0-2-g51a2cb0-2025.02.14.03.57_amd64.files
rosconsole_bridge,0.5.4-1-g38b0830-2025.02.14.03.57,https://github.com/ros/rosconsole_bridge/tree/kinetic-devel,success,rosconsole_bridge_0.5.4-1-g38b0830-2025.02.14.03.57-bloom_generate.log,ros-one-rosconsole-bridge_0.5.4-1-g38b0830-2025.02.14.03.57_amd64-2025-02-14T03:57:53Z.build,ros-one-rosconsole-bridge_0.5.4-1-g38b0830-2025.02.14.03.57_amd64.deb,ros-one-rosconsole-bridge_0.5.4-1-g38b0830-2025.02.14.03.57_amd64.files
roslisp,1.9.25-2025.02.14.03.57,https://github.com/ros/roslisp/tree/master,success,roslisp_1.9.25-2025.02.14.03.57-bloom_generate.log,ros-one-roslisp_1.9.25-2025.02.14.03.57_amd64-2025-02-14T03:57:35Z.build,ros-one-roslisp_1.9.25-2025.02.14.03.57_amd64.deb,ros-one-roslisp_1.9.25-2025.02.14.03.57_amd64.files
actionlib_msgs,1.13.1-2025.02.14.04.02,https://github.com/ros/common_msgs/tree/noetic-devel,success,actionlib_msgs_1.13.1-2025.02.14.04.02-bloom_generate.log,ros-one-actionlib-msgs_1.13.1-2025.02.14.04.02_amd64-2025-02-14T04:02:02Z.build,ros-one-actionlib-msgs_1.13.1-2025.02.14.04.02_amd64.deb,ros-one-actionlib-msgs_1.13.1-2025.02.14.04.02_amd64.files
common_msgs,1.13.1-2025.02.14.04.03,https://github.com/ros/common_msgs/tree/noetic-devel,success,common_msgs_1.13.1-2025.02.14.04.03-bloom_generate.log,ros-one-common-msgs_1.13.1-2025.02.14.04.03_amd64-2025-02-14T04:03:08Z.build,ros-one-common-msgs_1.13.1-2025.02.14.04.03_amd64.deb,ros-one-common-msgs_1.13.1-2025.02.14.04.03_amd64.files
diagnostic_msgs,1.13.1-2025.02.14.04.04,https://github.com/ros/common_msgs/tree/noetic-devel,success,diagnostic_msgs_1.13.1-2025.02.14.04.04-bloom_generate.log,ros-one-diagnostic-msgs_1.13.1-2025.02.14.04.04_amd64-2025-02-14T04:04:06Z.build,ros-one-diagnostic-msgs_1.13.1-2025.02.14.04.04_amd64.deb,ros-one-diagnostic-msgs_1.13.1-2025.02.14.04.04_amd64.files
geometry_msgs,1.13.1-2025.02.14.04.05,https://github.com/ros/common_msgs/tree/noetic-devel,success,geometry_msgs_1.13.1-2025.02.14.04.05-bloom_generate.log,ros-one-geometry-msgs_1.13.1-2025.02.14.04.05_amd64-2025-02-14T04:05:13Z.build,ros-one-geometry-msgs_1.13.1-2025.02.14.04.05_amd64.deb,ros-one-geometry-msgs_1.13.1-2025.02.14.04.05_amd64.files
nav_msgs,1.13.1-2025.02.14.04.06,https://github.com/ros/common_msgs/tree/noetic-devel,success,nav_msgs_1.13.1-2025.02.14.04.06-bloom_generate.log,ros-one-nav-msgs_1.13.1-2025.02.14.04.06_amd64-2025-02-14T04:06:24Z.build,ros-one-nav-msgs_1.13.1-2025.02.14.04.06_amd64.deb,ros-one-nav-msgs_1.13.1-2025.02.14.04.06_amd64.files
ros_comm,1.17.0-12-g2a12474fb-2025.02.14.04.07,https://github.com/ros-o/ros_comm/tree/obese-devel,success,ros_comm_1.17.0-12-g2a12474fb-2025.02.14.04.07-bloom_generate.log,ros-one-ros-comm_1.17.0-12-g2a12474fb-2025.02.14.04.07_amd64-2025-02-14T04:07:33Z.build,ros-one-ros-comm_1.17.0-12-g2a12474fb-2025.02.14.04.07_amd64.deb,ros-one-ros-comm_1.17.0-12-g2a12474fb-2025.02.14.04.07_amd64.files
rosgraph,1.17.0-12-g2a12474fb-2025.02.14.04.08,https://github.com/ros-o/ros_comm/tree/obese-devel,success,rosgraph_1.17.0-12-g2a12474fb-2025.02.14.04.08-bloom_generate.log,ros-one-rosgraph_1.17.0-12-g2a12474fb-2025.02.14.04.08_amd64-2025-02-14T04:08:32Z.build,ros-one-rosgraph_1.17.0-12-g2a12474fb-2025.02.14.04.08_amd64.deb,ros-one-rosgraph_1.17.0-12-g2a12474fb-2025.02.14.04.08_amd64.files
roslaunch,1.17.0-12-g2a12474fb-2025.02.14.04.09,https://github.com/ros-o/ros_comm/tree/obese-devel,success,roslaunch_1.17.0-12-g2a12474fb-2025.02.14.04.09-bloom_generate.log,ros-one-roslaunch_1.17.0-12-g2a12474fb-2025.02.14.04.09_amd64-2025-02-14T04:09:34Z.build,ros-one-roslaunch_1.17.0-12-g2a12474fb-2025.02.14.04.09_amd64.deb,ros-one-roslaunch_1.17.0-12-g2a12474fb-2025.02.14.04.09_amd64.files
roslz4,1.17.0-12-g2a12474fb-2025.02.14.04.10,https://github.com/ros-o/ros_comm/tree/obese-devel,success,roslz4_1.17.0-12-g2a12474fb-2025.02.14.04.10-bloom_generate.log,ros-one-roslz4_1.17.0-12-g2a12474fb-2025.02.14.04.10_amd64-2025-02-14T04:10:34Z.build,ros-one-roslz4_1.17.0-12-g2a12474fb-2025.02.14.04.10_amd64.deb,ros-one-roslz4_1.17.0-12-g2a12474fb-2025.02.14.04.10_amd64.files
rosmaster,1.17.0-12-g2a12474fb-2025.02.14.04.11,https://github.com/ros-o/ros_comm/tree/obese-devel,success,rosmaster_1.17.0-12-g2a12474fb-2025.02.14.04.11-bloom_generate.log,ros-one-rosmaster_1.17.0-12-g2a12474fb-2025.02.14.04.11_amd64-2025-02-14T04:11:42Z.build,ros-one-rosmaster_1.17.0-12-g2a12474fb-2025.02.14.04.11_amd64.deb,ros-one-rosmaster_1.17.0-12-g2a12474fb-2025.02.14.04.11_amd64.files
rosparam,1.17.0-12-g2a12474fb-2025.02.14.04.12,https://github.com/ros-o/ros_comm/tree/obese-devel,success,rosparam_1.17.0-12-g2a12474fb-2025.02.14.04.12-bloom_generate.log,ros-one-rosparam_1.17.0-12-g2a12474fb-2025.02.14.04.12_amd64-2025-02-14T04:12:44Z.build,ros-one-rosparam_1.17.0-12-g2a12474fb-2025.02.14.04.12_amd64.deb,ros-one-rosparam_1.17.0-12-g2a12474fb-2025.02.14.04.12_amd64.files
rospy,1.17.0-12-g2a12474fb-2025.02.14.04.13,https://github.com/ros-o/ros_comm/tree/obese-devel,success,rospy_1.17.0-12-g2a12474fb-2025.02.14.04.13-bloom_generate.log,ros-one-rospy_1.17.0-12-g2a12474fb-2025.02.14.04.13_amd64-2025-02-14T04:13:45Z.build,ros-one-rospy_1.17.0-12-g2a12474fb-2025.02.14.04.13_amd64.deb,ros-one-rospy_1.17.0-12-g2a12474fb-2025.02.14.04.13_amd64.files
rosservice,1.17.0-12-g2a12474fb-2025.02.14.04.14,https://github.com/ros-o/ros_comm/tree/obese-devel,success,rosservice_1.17.0-12-g2a12474fb-2025.02.14.04.14-bloom_generate.log,ros-one-rosservice_1.17.0-12-g2a12474fb-2025.02.14.04.14_amd64-2025-02-14T04:14:48Z.build,ros-one-rosservice_1.17.0-12-g2a12474fb-2025.02.14.04.14_amd64.deb,ros-one-rosservice_1.17.0-12-g2a12474fb-2025.02.14.04.14_amd64.files
rostest,1.17.0-12-g2a12474fb-2025.02.14.04.15,https://github.com/ros-o/ros_comm/tree/obese-devel,success,rostest_1.17.0-12-g2a12474fb-2025.02.14.04.15-bloom_generate.log,ros-one-rostest_1.17.0-12-g2a12474fb-2025.02.14.04.15_amd64-2025-02-14T04:15:51Z.build,ros-one-rostest_1.17.0-12-g2a12474fb-2025.02.14.04.15_amd64.deb,ros-one-rostest_1.17.0-12-g2a12474fb-2025.02.14.04.15_amd64.files
shape_msgs,1.13.1-2025.02.14.04.17,https://github.com/ros/common_msgs/tree/noetic-devel,success,shape_msgs_1.13.1-2025.02.14.04.17-bloom_generate.log,ros-one-shape-msgs_1.13.1-2025.02.14.04.17_amd64-2025-02-14T04:17:03Z.build,ros-one-shape-msgs_1.13.1-2025.02.14.04.17_amd64.deb,ros-one-shape-msgs_1.13.1-2025.02.14.04.17_amd64.files
test_roslib_comm,1.17.0-12-g2a12474fb-2025.02.14.04.18,https://github.com/ros-o/ros_comm/tree/obese-devel,success,test_roslib_comm_1.17.0-12-g2a12474fb-2025.02.14.04.18-bloom_generate.log,ros-one-test-roslib-comm_1.17.0-12-g2a12474fb-2025.02.14.04.18_amd64-2025-02-14T04:18:14Z.build,ros-one-test-roslib-comm_1.17.0-12-g2a12474fb-2025.02.14.04.18_amd64.deb,ros-one-test-roslib-comm_1.17.0-12-g2a12474fb-2025.02.14.04.18_amd64.files
trajectory_msgs,1.13.1-2025.02.14.04.19,https://github.com/ros/common_msgs/tree/noetic-devel,success,trajectory_msgs_1.13.1-2025.02.14.04.19-bloom_generate.log,ros-one-trajectory-msgs_1.13.1-2025.02.14.04.19_amd64-2025-02-14T04:19:20Z.build,ros-one-trajectory-msgs_1.13.1-2025.02.14.04.19_amd64.deb,ros-one-trajectory-msgs_1.13.1-2025.02.14.04.19_amd64.files
visualization_msgs,1.13.1-2025.02.14.04.20,https://github.com/ros/common_msgs/tree/noetic-devel,success,visualization_msgs_1.13.1-2025.02.14.04.20-bloom_generate.log,ros-one-visualization-msgs_1.13.1-2025.02.14.04.20_amd64-2025-02-14T04:20:30Z.build,ros-one-visualization-msgs_1.13.1-2025.02.14.04.20_amd64.deb,ros-one-visualization-msgs_1.13.1-2025.02.14.04.20_amd64.files
xmlrpcpp,1.17.0-12-g2a12474fb-2025.02.14.04.21,https://github.com/ros-o/ros_comm/tree/obese-devel,success,xmlrpcpp_1.17.0-12-g2a12474fb-2025.02.14.04.21-bloom_generate.log,ros-one-xmlrpcpp_1.17.0-12-g2a12474fb-2025.02.14.04.21_amd64-2025-02-14T04:21:43Z.build,ros-one-xmlrpcpp_1.17.0-12-g2a12474fb-2025.02.14.04.21_amd64.deb,ros-one-xmlrpcpp_1.17.0-12-g2a12474fb-2025.02.14.04.21_amd64.files
roscpp,1.17.0-12-g2a12474fb-2025.02.14.04.22,https://github.com/ros-o/ros_comm/tree/obese-devel,success,roscpp_1.17.0-12-g2a12474fb-2025.02.14.04.22-bloom_generate.log,ros-one-roscpp_1.17.0-12-g2a12474fb-2025.02.14.04.22_amd64-2025-02-14T04:22:55Z.build,ros-one-roscpp_1.17.0-12-g2a12474fb-2025.02.14.04.22_amd64.deb,ros-one-roscpp_1.17.0-12-g2a12474fb-2025.02.14.04.22_amd64.files
rosout,1.17.0-12-g2a12474fb-2025.02.14.04.25,https://github.com/ros-o/ros_comm/tree/obese-devel,success,rosout_1.17.0-12-g2a12474fb-2025.02.14.04.25-bloom_generate.log,ros-one-rosout_1.17.0-12-g2a12474fb-2025.02.14.04.25_amd64-2025-02-14T04:25:34Z.build,ros-one-rosout_1.17.0-12-g2a12474fb-2025.02.14.04.25_amd64.deb,ros-one-rosout_1.17.0-12-g2a12474fb-2025.02.14.04.25_amd64.files
message_filters,1.17.0-12-g2a12474fb-2025.02.14.04.26,https://github.com/ros-o/ros_comm/tree/obese-devel,success,message_filters_1.17.0-12-g2a12474fb-2025.02.14.04.26-bloom_generate.log,ros-one-message-filters_1.17.0-12-g2a12474fb-2025.02.14.04.26_amd64-2025-02-14T04:26:53Z.build,ros-one-message-filters_1.17.0-12-g2a12474fb-2025.02.14.04.26_amd64.deb,ros-one-message-filters_1.17.0-12-g2a12474fb-2025.02.14.04.26_amd64.files
rosbag_storage,1.17.0-12-g2a12474fb-2025.02.14.04.28,https://github.com/ros-o/ros_comm/tree/obese-devel,success,rosbag_storage_1.17.0-12-g2a12474fb-2025.02.14.04.28-bloom_generate.log,ros-one-rosbag-storage_1.17.0-12-g2a12474fb-2025.02.14.04.28_amd64-2025-02-14T04:28:12Z.build,ros-one-rosbag-storage_1.17.0-12-g2a12474fb-2025.02.14.04.28_amd64.deb,ros-one-rosbag-storage_1.17.0-12-g2a12474fb-2025.02.14.04.28_amd64.files
rosmsg,1.17.0-12-g2a12474fb-2025.02.14.04.29,https://github.com/ros-o/ros_comm/tree/obese-devel,success,rosmsg_1.17.0-12-g2a12474fb-2025.02.14.04.29-bloom_generate.log,ros-one-rosmsg_1.17.0-12-g2a12474fb-2025.02.14.04.29_amd64-2025-02-14T04:30:00Z.build,ros-one-rosmsg_1.17.0-12-g2a12474fb-2025.02.14.04.29_amd64.deb,ros-one-rosmsg_1.17.0-12-g2a12474fb-2025.02.14.04.29_amd64.files
rosnode,1.17.0-12-g2a12474fb-2025.02.14.04.31,https://github.com/ros-o/ros_comm/tree/obese-devel,success,rosnode_1.17.0-12-g2a12474fb-2025.02.14.04.31-bloom_generate.log,ros-one-rosnode_1.17.0-12-g2a12474fb-2025.02.14.04.31_amd64-2025-02-14T04:31:07Z.build,ros-one-rosnode_1.17.0-12-g2a12474fb-2025.02.14.04.31_amd64.deb,ros-one-rosnode_1.17.0-12-g2a12474fb-2025.02.14.04.31_amd64.files
rostopic,1.17.0-12-g2a12474fb-2025.02.14.04.32,https://github.com/ros-o/ros_comm/tree/obese-devel,success,rostopic_1.17.0-12-g2a12474fb-2025.02.14.04.32-bloom_generate.log,ros-one-rostopic_1.17.0-12-g2a12474fb-2025.02.14.04.32_amd64-2025-02-14T04:32:24Z.build,ros-one-rostopic_1.17.0-12-g2a12474fb-2025.02.14.04.32_amd64.deb,ros-one-rostopic_1.17.0-12-g2a12474fb-2025.02.14.04.32_amd64.files
test_rosbag_storage,1.17.0-12-g2a12474fb-2025.02.14.04.33,https://github.com/ros-o/ros_comm/tree/obese-devel,success,test_rosbag_storage_1.17.0-12-g2a12474fb-2025.02.14.04.33-bloom_generate.log,ros-one-test-rosbag-storage_1.17.0-12-g2a12474fb-2025.02.14.04.33_amd64-2025-02-14T04:33:44Z.build,ros-one-test-rosbag-storage_1.17.0-12-g2a12474fb-2025.02.14.04.33_amd64.deb,ros-one-test-rosbag-storage_1.17.0-12-g2a12474fb-2025.02.14.04.33_amd64.files
test_roscpp,1.17.0-12-g2a12474fb-2025.02.14.04.35,https://github.com/ros-o/ros_comm/tree/obese-devel,success,test_roscpp_1.17.0-12-g2a12474fb-2025.02.14.04.35-bloom_generate.log,ros-one-test-roscpp_1.17.0-12-g2a12474fb-2025.02.14.04.35_amd64-2025-02-14T04:35:03Z.build,ros-one-test-roscpp_1.17.0-12-g2a12474fb-2025.02.14.04.35_amd64.deb,ros-one-test-roscpp_1.17.0-12-g2a12474fb-2025.02.14.04.35_amd64.files
test_rosgraph,1.17.0-12-g2a12474fb-2025.02.14.04.36,https://github.com/ros-o/ros_comm/tree/obese-devel,success,test_rosgraph_1.17.0-12-g2a12474fb-2025.02.14.04.36-bloom_generate.log,ros-one-test-rosgraph_1.17.0-12-g2a12474fb-2025.02.14.04.36_amd64-2025-02-14T04:36:21Z.build,ros-one-test-rosgraph_1.17.0-12-g2a12474fb-2025.02.14.04.36_amd64.deb,ros-one-test-rosgraph_1.17.0-12-g2a12474fb-2025.02.14.04.36_amd64.files
test_roslaunch,1.17.0-12-g2a12474fb-2025.02.14.04.37,https://github.com/ros-o/ros_comm/tree/obese-devel,success,test_roslaunch_1.17.0-12-g2a12474fb-2025.02.14.04.37-bloom_generate.log,ros-one-test-roslaunch_1.17.0-12-g2a12474fb-2025.02.14.04.37_amd64-2025-02-14T04:37:39Z.build,ros-one-test-roslaunch_1.17.0-12-g2a12474fb-2025.02.14.04.37_amd64.deb,ros-one-test-roslaunch_1.17.0-12-g2a12474fb-2025.02.14.04.37_amd64.files
test_rosmaster,1.17.0-12-g2a12474fb-2025.02.14.04.38,https://github.com/ros-o/ros_comm/tree/obese-devel,success,test_rosmaster_1.17.0-12-g2a12474fb-2025.02.14.04.38-bloom_generate.log,ros-one-test-rosmaster_1.17.0-12-g2a12474fb-2025.02.14.04.38_amd64-2025-02-14T04:38:58Z.build,ros-one-test-rosmaster_1.17.0-12-g2a12474fb-2025.02.14.04.38_amd64.deb,ros-one-test-rosmaster_1.17.0-12-g2a12474fb-2025.02.14.04.38_amd64.files
test_rosparam,1.17.0-12-g2a12474fb-2025.02.14.04.40,https://github.com/ros-o/ros_comm/tree/obese-devel,success,test_rosparam_1.17.0-12-g2a12474fb-2025.02.14.04.40-bloom_generate.log,ros-one-test-rosparam_1.17.0-12-g2a12474fb-2025.02.14.04.40_amd64-2025-02-14T04:40:23Z.build,ros-one-test-rosparam_1.17.0-12-g2a12474fb-2025.02.14.04.40_amd64.deb,ros-one-test-rosparam_1.17.0-12-g2a12474fb-2025.02.14.04.40_amd64.files
topic_tools,1.17.0-12-g2a12474fb-2025.02.14.04.41,https://github.com/ros-o/ros_comm/tree/obese-devel,success,topic_tools_1.17.0-12-g2a12474fb-2025.02.14.04.41-bloom_generate.log,ros-one-topic-tools_1.17.0-12-g2a12474fb-2025.02.14.04.41_amd64-2025-02-14T04:41:42Z.build,ros-one-topic-tools_1.17.0-12-g2a12474fb-2025.02.14.04.41_amd64.deb,ros-one-topic-tools_1.17.0-12-g2a12474fb-2025.02.14.04.41_amd64.files
rosbag,1.17.0-12-g2a12474fb-2025.02.14.04.43,https://github.com/ros-o/ros_comm/tree/obese-devel,success,rosbag_1.17.0-12-g2a12474fb-2025.02.14.04.43-bloom_generate.log,ros-one-rosbag_1.17.0-12-g2a12474fb-2025.02.14.04.43_amd64-2025-02-14T04:43:25Z.build,ros-one-rosbag_1.17.0-12-g2a12474fb-2025.02.14.04.43_amd64.deb,ros-one-rosbag_1.17.0-12-g2a12474fb-2025.02.14.04.43_amd64.files
roswtf,1.17.0-12-g2a12474fb-2025.02.14.04.45,https://github.com/ros-o/ros_comm/tree/obese-devel,success,roswtf_1.17.0-12-g2a12474fb-2025.02.14.04.45-bloom_generate.log,ros-one-roswtf_1.17.0-12-g2a12474fb-2025.02.14.04.45_amd64-2025-02-14T04:45:29Z.build,ros-one-roswtf_1.17.0-12-g2a12474fb-2025.02.14.04.45_amd64.deb,ros-one-roswtf_1.17.0-12-g2a12474fb-2025.02.14.04.45_amd64.files
sensor_msgs,1.13.1-2025.02.14.04.46,https://github.com/ros/common_msgs/tree/noetic-devel,success,sensor_msgs_1.13.1-2025.02.14.04.46-bloom_generate.log,ros-one-sensor-msgs_1.13.1-2025.02.14.04.46_amd64-2025-02-14T04:46:48Z.build,ros-one-sensor-msgs_1.13.1-2025.02.14.04.46_amd64.deb,ros-one-sensor-msgs_1.13.1-2025.02.14.04.46_amd64.files
stereo_msgs,1.13.1-2025.02.14.04.48,https://github.com/ros/common_msgs/tree/noetic-devel,success,stereo_msgs_1.13.1-2025.02.14.04.48-bloom_generate.log,ros-one-stereo-msgs_1.13.1-2025.02.14.04.48_amd64-2025-02-14T04:48:09Z.build,ros-one-stereo-msgs_1.13.1-2025.02.14.04.48_amd64.deb,ros-one-stereo-msgs_1.13.1-2025.02.14.04.48_amd64.files
test_rosbag,1.17.0-12-g2a12474fb-2025.02.14.04.49,https://github.com/ros-o/ros_comm/tree/obese-devel,success,test_rosbag_1.17.0-12-g2a12474fb-2025.02.14.04.49-bloom_generate.log,ros-one-test-rosbag_1.17.0-12-g2a12474fb-2025.02.14.04.49_amd64-2025-02-14T04:49:23Z.build,ros-one-test-rosbag_1.17.0-12-g2a12474fb-2025.02.14.04.49_amd64.deb,ros-one-test-rosbag_1.17.0-12-g2a12474fb-2025.02.14.04.49_amd64.files
test_rospy,1.17.0-12-g2a12474fb-2025.02.14.04.50,https://github.com/ros-o/ros_comm/tree/obese-devel,success,test_rospy_1.17.0-12-g2a12474fb-2025.02.14.04.50-bloom_generate.log,ros-one-test-rospy_1.17.0-12-g2a12474fb-2025.02.14.04.50_amd64-2025-02-14T04:50:51Z.build,ros-one-test-rospy_1.17.0-12-g2a12474fb-2025.02.14.04.50_amd64.deb,ros-one-test-rospy_1.17.0-12-g2a12474fb-2025.02.14.04.50_amd64.files
test_rosservice,1.17.0-12-g2a12474fb-2025.02.14.04.52,https://github.com/ros-o/ros_comm/tree/obese-devel,success,test_rosservice_1.17.0-12-g2a12474fb-2025.02.14.04.52-bloom_generate.log,ros-one-test-rosservice_1.17.0-12-g2a12474fb-2025.02.14.04.52_amd64-2025-02-14T04:52:14Z.build,ros-one-test-rosservice_1.17.0-12-g2a12474fb-2025.02.14.04.52_amd64.deb,ros-one-test-rosservice_1.17.0-12-g2a12474fb-2025.02.14.04.52_amd64.files
test_rostest,1.17.0-12-g2a12474fb-2025.02.14.04.53,https://github.com/ros-o/ros_comm/tree/obese-devel,success,test_rostest_1.17.0-12-g2a12474fb-2025.02.14.04.53-bloom_generate.log,ros-one-test-rostest_1.17.0-12-g2a12474fb-2025.02.14.04.53_amd64-2025-02-14T04:53:38Z.build,ros-one-test-rostest_1.17.0-12-g2a12474fb-2025.02.14.04.53_amd64.deb,ros-one-test-rostest_1.17.0-12-g2a12474fb-2025.02.14.04.53_amd64.files
test_rostopic,1.17.0-12-g2a12474fb-2025.02.14.04.54,https://github.com/ros-o/ros_comm/tree/obese-devel,success,test_rostopic_1.17.0-12-g2a12474fb-2025.02.14.04.54-bloom_generate.log,ros-one-test-rostopic_1.17.0-12-g2a12474fb-2025.02.14.04.54_amd64-2025-02-14T04:55:00Z.build,ros-one-test-rostopic_1.17.0-12-g2a12474fb-2025.02.14.04.54_amd64.deb,ros-one-test-rostopic_1.17.0-12-g2a12474fb-2025.02.14.04.54_amd64.files
qt_dotgraph,0.4.2-9-gdc7190f-2025.02.14.04.01,https://github.com/ros-o/qt_gui_core/tree/obese-devel,success,qt_dotgraph_0.4.2-9-gdc7190f-2025.02.14.04.01-bloom_generate.log,ros-one-qt-dotgraph_0.4.2-9-gdc7190f-2025.02.14.04.01_amd64-2025-02-14T04:02:00Z.build,ros-one-qt-dotgraph_0.4.2-9-gdc7190f-2025.02.14.04.01_amd64.deb,ros-one-qt-dotgraph_0.4.2-9-gdc7190f-2025.02.14.04.01_amd64.files
qt_gui,0.4.2-9-gdc7190f-2025.02.14.04.02,https://github.com/ros-o/qt_gui_core/tree/obese-devel,success,qt_gui_0.4.2-9-gdc7190f-2025.02.14.04.02-bloom_generate.log,ros-one-qt-gui_0.4.2-9-gdc7190f-2025.02.14.04.02_amd64-2025-02-14T04:02:57Z.build,ros-one-qt-gui_0.4.2-9-gdc7190f-2025.02.14.04.02_amd64.deb,ros-one-qt-gui_0.4.2-9-gdc7190f-2025.02.14.04.02_amd64.files
qt_gui_app,0.4.2-9-gdc7190f-2025.02.14.04.04,https://github.com/ros-o/qt_gui_core/tree/obese-devel,success,qt_gui_app_0.4.2-9-gdc7190f-2025.02.14.04.04-bloom_generate.log,ros-one-qt-gui-app_0.4.2-9-gdc7190f-2025.02.14.04.04_amd64-2025-02-14T04:04:11Z.build,ros-one-qt-gui-app_0.4.2-9-gdc7190f-2025.02.14.04.04_amd64.deb,ros-one-qt-gui-app_0.4.2-9-gdc7190f-2025.02.14.04.04_amd64.files
qt_gui_core,0.4.2-9-gdc7190f-2025.02.14.04.05,https://github.com/ros-o/qt_gui_core/tree/obese-devel,success,qt_gui_core_0.4.2-9-gdc7190f-2025.02.14.04.05-bloom_generate.log,ros-one-qt-gui-core_0.4.2-9-gdc7190f-2025.02.14.04.05_amd64-2025-02-14T04:05:08Z.build,ros-one-qt-gui-core_0.4.2-9-gdc7190f-2025.02.14.04.05_amd64.deb,ros-one-qt-gui-core_0.4.2-9-gdc7190f-2025.02.14.04.05_amd64.files
qt_gui_cpp,0.4.2-9-gdc7190f-2025.02.14.04.06,https://github.com/ros-o/qt_gui_core/tree/obese-devel,success,qt_gui_cpp_0.4.2-9-gdc7190f-2025.02.14.04.06-bloom_generate.log,ros-one-qt-gui-cpp_0.4.2-9-gdc7190f-2025.02.14.04.06_amd64-2025-02-14T04:06:04Z.build,ros-one-qt-gui-cpp_0.4.2-9-gdc7190f-2025.02.14.04.06_amd64.deb,ros-one-qt-gui-cpp_0.4.2-9-gdc7190f-2025.02.14.04.06_amd64.files
qt_gui_py_common,0.4.2-9-gdc7190f-2025.02.14.04.08,https://github.com/ros-o/qt_gui_core/tree/obese-devel,success,qt_gui_py_common_0.4.2-9-gdc7190f-2025.02.14.04.08-bloom_generate.log,ros-one-qt-gui-py-common_0.4.2-9-gdc7190f-2025.02.14.04.08_amd64-2025-02-14T04:08:53Z.build,ros-one-qt-gui-py-common_0.4.2-9-gdc7190f-2025.02.14.04.08_amd64.deb,ros-one-qt-gui-py-common_0.4.2-9-gdc7190f-2025.02.14.04.08_amd64.files
ros_emacs_utils,0.4.17-2025.02.14.04.09,https://github.com/code-iai/ros_emacs_utils/tree/master,success,ros_emacs_utils_0.4.17-2025.02.14.04.09-bloom_generate.log,ros-one-ros-emacs-utils_0.4.17-2025.02.14.04.09_amd64-2025-02-14T04:09:51Z.build,ros-one-ros-emacs-utils_0.4.17-2025.02.14.04.09_amd64.deb,ros-one-ros-emacs-utils_0.4.17-2025.02.14.04.09_amd64.files
rosemacs,0.4.17-2025.02.14.04.10,https://github.com/code-iai/ros_emacs_utils/tree/master,success,rosemacs_0.4.17-2025.02.14.04.10-bloom_generate.log,ros-one-rosemacs_0.4.17-2025.02.14.04.10_amd64-2025-02-14T04:10:47Z.build,ros-one-rosemacs_0.4.17-2025.02.14.04.10_amd64.deb,ros-one-rosemacs_0.4.17-2025.02.14.04.10_amd64.files
roslisp_repl,0.4.17-2025.02.14.04.11,https://github.com/code-iai/ros_emacs_utils/tree/master,success,roslisp_repl_0.4.17-2025.02.14.04.11-bloom_generate.log,ros-one-roslisp-repl_0.4.17-2025.02.14.04.11_amd64-2025-02-14T04:11:46Z.build,ros-one-roslisp-repl_0.4.17-2025.02.14.04.11_amd64.deb,ros-one-roslisp-repl_0.4.17-2025.02.14.04.11_amd64.files
slime_ros,0.4.17-2025.02.14.04.12,https://github.com/code-iai/ros_emacs_utils/tree/master,success,slime_ros_0.4.17-2025.02.14.04.12-bloom_generate.log,ros-one-slime-ros_0.4.17-2025.02.14.04.12_amd64-2025-02-14T04:12:44Z.build,ros-one-slime-ros_0.4.17-2025.02.14.04.12_amd64.deb,ros-one-slime-ros_0.4.17-2025.02.14.04.12_amd64.files
slime_wrapper,0.4.17-2025.02.14.04.13,https://github.com/code-iai/ros_emacs_utils/tree/master,success,slime_wrapper_0.4.17-2025.02.14.04.13-bloom_generate.log,ros-one-slime-wrapper_0.4.17-2025.02.14.04.13_amd64-2025-02-14T04:13:43Z.build,ros-one-slime-wrapper_0.4.17-2025.02.14.04.13_amd64.deb,ros-one-slime-wrapper_0.4.17-2025.02.14.04.13_amd64.files
cartesian_control_msgs,0.1.0-2-gfb68cf9-2025.02.14.04.58,https://github.com/UniversalRobots/Universal_Robots_ROS_cartesian_control_msgs/tree/main,success,cartesian_control_msgs_0.1.0-2-gfb68cf9-2025.02.14.04.58-bloom_generate.log,ros-one-cartesian-control-msgs_0.1.0-2-gfb68cf9-2025.02.14.04.58_amd64-2025-02-14T04:58:45Z.build,ros-one-cartesian-control-msgs_0.1.0-2-gfb68cf9-2025.02.14.04.58_amd64.deb,ros-one-cartesian-control-msgs_0.1.0-2-gfb68cf9-2025.02.14.04.58_amd64.files
joint_state_publisher,1.15.1-2-g7cb7069-2025.02.14.05.00,https://github.com/ros/joint_state_publisher/tree/noetic-devel,success,joint_state_publisher_1.15.1-2-g7cb7069-2025.02.14.05.00-bloom_generate.log,ros-one-joint-state-publisher_1.15.1-2-g7cb7069-2025.02.14.05.00_amd64-2025-02-14T05:00:03Z.build,ros-one-joint-state-publisher_1.15.1-2-g7cb7069-2025.02.14.05.00_amd64.deb,ros-one-joint-state-publisher_1.15.1-2-g7cb7069-2025.02.14.05.00_amd64.files
joint_state_publisher_gui,1.15.1-2-g7cb7069-2025.02.14.05.01,https://github.com/ros/joint_state_publisher/tree/noetic-devel,success,joint_state_publisher_gui_1.15.1-2-g7cb7069-2025.02.14.05.01-bloom_generate.log,ros-one-joint-state-publisher-gui_1.15.1-2-g7cb7069-2025.02.14.05.01_amd64-2025-02-14T05:01:14Z.build,ros-one-joint-state-publisher-gui_1.15.1-2-g7cb7069-2025.02.14.05.01_amd64.deb,ros-one-joint-state-publisher-gui_1.15.1-2-g7cb7069-2025.02.14.05.01_amd64.files
plotjuggler,3.9.3-1-gb1ad0896-2025.02.14.05.02,https://github.com/facontidavide/PlotJuggler/tree/HEAD,success,plotjuggler_3.9.3-1-gb1ad0896-2025.02.14.05.02-bloom_generate.log,ros-one-plotjuggler_3.9.3-1-gb1ad0896-2025.02.14.05.02_amd64-2025-02-14T05:02:29Z.build,ros-one-plotjuggler_3.9.3-1-gb1ad0896-2025.02.14.05.02_amd64.deb,ros-one-plotjuggler_3.9.3-1-gb1ad0896-2025.02.14.05.02_amd64.files
ros_pytest,0.2.1-7-gcd936a5-2025.02.14.05.11,https://github.com/machinekoder/ros_pytest/tree/noetic-devel,success,ros_pytest_0.2.1-7-gcd936a5-2025.02.14.05.11-bloom_generate.log,ros-one-ros-pytest_0.2.1-7-gcd936a5-2025.02.14.05.11_amd64-2025-02-14T05:11:34Z.build,ros-one-ros-pytest_0.2.1-7-gcd936a5-2025.02.14.05.11_amd64.deb,ros-one-ros-pytest_0.2.1-7-gcd936a5-2025.02.14.05.11_amd64.files
ros_type_introspection,0-2025.02.14.05.12,https://github.com/ros-o/ros_type_introspection/tree/master,success,ros_type_introspection_0-2025.02.14.05.12-bloom_generate.log,ros-one-ros-type-introspection_0-2025.02.14.05.12_amd64-2025-02-14T05:12:57Z.build,ros-one-ros-type-introspection_0-2025.02.14.05.12_amd64.deb,ros-one-ros-type-introspection_0-2025.02.14.05.12_amd64.files
urdf_parser_plugin,1.13.2-2-g3df8012-2025.02.14.05.14,https://github.com/ros-o/urdf/tree/obese-devel,success,urdf_parser_plugin_1.13.2-2-g3df8012-2025.02.14.05.14-bloom_generate.log,ros-one-urdf-parser-plugin_1.13.2-2-g3df8012-2025.02.14.05.14_amd64-2025-02-14T05:14:38Z.build,ros-one-urdf-parser-plugin_1.13.2-2-g3df8012-2025.02.14.05.14_amd64.deb,ros-one-urdf-parser-plugin_1.13.2-2-g3df8012-2025.02.14.05.14_amd64.files
urdf,1.13.2-2-g3df8012-2025.02.14.05.15,https://github.com/ros-o/urdf/tree/obese-devel,success,urdf_1.13.2-2-g3df8012-2025.02.14.05.15-bloom_generate.log,ros-one-urdf_1.13.2-2-g3df8012-2025.02.14.05.15_amd64-2025-02-14T05:15:50Z.build,ros-one-urdf_1.13.2-2-g3df8012-2025.02.14.05.15_amd64.deb,ros-one-urdf_1.13.2-2-g3df8012-2025.02.14.05.15_amd64.files
boost_sml,0.1.2-6-gaaddc80-2025.02.14.04.58,https://github.com/ros-o/boost_sml/tree/obese-devel,success,boost_sml_0.1.2-6-gaaddc80-2025.02.14.04.58-bloom_generate.log,ros-one-boost-sml_0.1.2-6-gaaddc80-2025.02.14.04.58_amd64-2025-02-14T04:58:36Z.build,ros-one-boost-sml_0.1.2-6-gaaddc80-2025.02.14.04.58_amd64.deb,ros-one-boost-sml_0.1.2-6-gaaddc80-2025.02.14.04.58_amd64.files
dynamic_reconfigure,1.7.3-3-g2654f22-2025.02.14.05.00,https://github.com/ros/dynamic_reconfigure/tree/noetic-devel,success,dynamic_reconfigure_1.7.3-3-g2654f22-2025.02.14.05.00-bloom_generate.log,ros-one-dynamic-reconfigure_1.7.3-3-g2654f22-2025.02.14.05.00_amd64-2025-02-14T05:00:12Z.build,ros-one-dynamic-reconfigure_1.7.3-3-g2654f22-2025.02.14.05.00_amd64.deb,ros-one-dynamic-reconfigure_1.7.3-3-g2654f22-2025.02.14.05.00_amd64.files
filters,1.9.2-4-g310202e-2025.02.14.05.01,https://github.com/ros/filters/tree/noetic-devel,success,filters_1.9.2-4-g310202e-2025.02.14.05.01-bloom_generate.log,ros-one-filters_1.9.2-4-g310202e-2025.02.14.05.01_amd64-2025-02-14T05:01:40Z.build,ros-one-filters_1.9.2-4-g310202e-2025.02.14.05.01_amd64.deb,ros-one-filters_1.9.2-4-g310202e-2025.02.14.05.01_amd64.files
octomap_msgs,0.3.5-1-gdcaaf62-2025.02.14.05.03,https://github.com/OctoMap/octomap_msgs/tree/melodic-devel,success,octomap_msgs_0.3.5-1-gdcaaf62-2025.02.14.05.03-bloom_generate.log,ros-one-octomap-msgs_0.3.5-1-gdcaaf62-2025.02.14.05.03_amd64-2025-02-14T05:03:15Z.build,ros-one-octomap-msgs_0.3.5-1-gdcaaf62-2025.02.14.05.03_amd64.deb,ros-one-octomap-msgs_0.3.5-1-gdcaaf62-2025.02.14.05.03_amd64.files
pcl_msgs,0.3.0-1-g89b0725-2025.02.14.05.04,https://github.com/ros-perception/pcl_msgs/tree/noetic-devel,success,pcl_msgs_0.3.0-1-g89b0725-2025.02.14.05.04-bloom_generate.log,ros-one-pcl-msgs_0.3.0-1-g89b0725-2025.02.14.05.04_amd64-2025-02-14T05:04:33Z.build,ros-one-pcl-msgs_0.3.0-1-g89b0725-2025.02.14.05.04_amd64.deb,ros-one-pcl-msgs_0.3.0-1-g89b0725-2025.02.14.05.04_amd64.files
sparse_bundle_adjustment,0.4.4-2025.02.14.05.05,https://github.com/ros-perception/sparse_bundle_adjustment/tree/melodic-devel,success,sparse_bundle_adjustment_0.4.4-2025.02.14.05.05-bloom_generate.log,ros-one-sparse-bundle-adjustment_0.4.4-2025.02.14.05.05_amd64-2025-02-14T05:05:48Z.build,ros-one-sparse-bundle-adjustment_0.4.4-2025.02.14.05.05_amd64.deb,ros-one-sparse-bundle-adjustment_0.4.4-2025.02.14.05.05_amd64.files
teleop_twist_keyboard,1.0.0-11-g8e1e14f-2025.02.14.05.07,https://github.com/ros-teleop/teleop_twist_keyboard/tree/master,success,teleop_twist_keyboard_1.0.0-11-g8e1e14f-2025.02.14.05.07-bloom_generate.log,ros-one-teleop-twist-keyboard_1.0.0-11-g8e1e14f-2025.02.14.05.07_amd64-2025-02-14T05:07:38Z.build,ros-one-teleop-twist-keyboard_1.0.0-11-g8e1e14f-2025.02.14.05.07_amd64.deb,ros-one-teleop-twist-keyboard_1.0.0-11-g8e1e14f-2025.02.14.05.07_amd64.files
urdfdom_py,0.4.6-2025.02.14.05.08,https://github.com/ros/urdf_parser_py/tree/melodic-devel,success,urdfdom_py_0.4.6-2025.02.14.05.08-bloom_generate.log,ros-one-urdfdom-py_0.4.6-2025.02.14.05.08_amd64-2025-02-14T05:08:47Z.build,ros-one-urdfdom-py_0.4.6-2025.02.14.05.08_amd64.deb,ros-one-urdfdom-py_0.4.6-2025.02.14.05.08_amd64.files
bond,1.8.6-1-g398e8ed-2025.02.14.04.58,https://github.com/ros-o/bond_core/tree/obese-devel,success,bond_1.8.6-1-g398e8ed-2025.02.14.04.58-bloom_generate.log,ros-one-bond_1.8.6-1-g398e8ed-2025.02.14.04.58_amd64-2025-02-14T04:58:56Z.build,ros-one-bond_1.8.6-1-g398e8ed-2025.02.14.04.58_amd64.deb,ros-one-bond_1.8.6-1-g398e8ed-2025.02.14.04.58_amd64.files
bond_core,1.8.6-1-g398e8ed-2025.02.14.05.00,https://github.com/ros-o/bond_core/tree/obese-devel,success,bond_core_1.8.6-1-g398e8ed-2025.02.14.05.00-bloom_generate.log,ros-one-bond-core_1.8.6-1-g398e8ed-2025.02.14.05.00_amd64-2025-02-14T05:00:18Z.build,ros-one-bond-core_1.8.6-1-g398e8ed-2025.02.14.05.00_amd64.deb,ros-one-bond-core_1.8.6-1-g398e8ed-2025.02.14.05.00_amd64.files
pr2_mechanism_msgs,1.8.2-2-g992b461-2025.02.14.05.01,https://github.com/pr2/pr2_mechanism_msgs/tree/master,success,pr2_mechanism_msgs_1.8.2-2-g992b461-2025.02.14.05.01-bloom_generate.log,ros-one-pr2-mechanism-msgs_1.8.2-2-g992b461-2025.02.14.05.01_amd64-2025-02-14T05:01:30Z.build,ros-one-pr2-mechanism-msgs_1.8.2-2-g992b461-2025.02.14.05.01_amd64.deb,ros-one-pr2-mechanism-msgs_1.8.2-2-g992b461-2025.02.14.05.01_amd64.files
smclib,1.8.6-1-g398e8ed-2025.02.14.05.02,https://github.com/ros-o/bond_core/tree/obese-devel,success,smclib_1.8.6-1-g398e8ed-2025.02.14.05.02-bloom_generate.log,ros-one-smclib_1.8.6-1-g398e8ed-2025.02.14.05.02_amd64-2025-02-14T05:02:54Z.build,ros-one-smclib_1.8.6-1-g398e8ed-2025.02.14.05.02_amd64.deb,ros-one-smclib_1.8.6-1-g398e8ed-2025.02.14.05.02_amd64.files
bondcpp,1.8.6-1-g398e8ed-2025.02.14.05.04,https://github.com/ros-o/bond_core/tree/obese-devel,success,bondcpp_1.8.6-1-g398e8ed-2025.02.14.05.04-bloom_generate.log,ros-one-bondcpp_1.8.6-1-g398e8ed-2025.02.14.05.04_amd64-2025-02-14T05:04:10Z.build,ros-one-bondcpp_1.8.6-1-g398e8ed-2025.02.14.05.04_amd64.deb,ros-one-bondcpp_1.8.6-1-g398e8ed-2025.02.14.05.04_amd64.files
bondpy,1.8.6-1-g398e8ed-2025.02.14.05.05,https://github.com/ros-o/bond_core/tree/obese-devel,success,bondpy_1.8.6-1-g398e8ed-2025.02.14.05.05-bloom_generate.log,ros-one-bondpy_1.8.6-1-g398e8ed-2025.02.14.05.05_amd64-2025-02-14T05:05:40Z.build,ros-one-bondpy_1.8.6-1-g398e8ed-2025.02.14.05.05_amd64.deb,ros-one-bondpy_1.8.6-1-g398e8ed-2025.02.14.05.05_amd64.files
test_bond,1.8.6-1-g398e8ed-2025.02.14.05.07,https://github.com/ros-o/bond_core/tree/obese-devel,success,test_bond_1.8.6-1-g398e8ed-2025.02.14.05.07-bloom_generate.log,ros-one-test-bond_1.8.6-1-g398e8ed-2025.02.14.05.07_amd64-2025-02-14T05:07:06Z.build,ros-one-test-bond_1.8.6-1-g398e8ed-2025.02.14.05.07_amd64.deb,ros-one-test-bond_1.8.6-1-g398e8ed-2025.02.14.05.07_amd64.files
vision_msgs,0.0.2-2025.02.14.05.08,https://github.com/Kukanani/vision_msgs/tree/noetic-devel,success,vision_msgs_0.0.2-2025.02.14.05.08-bloom_generate.log,ros-one-vision-msgs_0.0.2-2025.02.14.05.08_amd64-2025-02-14T05:08:36Z.build,ros-one-vision-msgs_0.0.2-2025.02.14.05.08_amd64.deb,ros-one-vision-msgs_0.0.2-2025.02.14.05.08_amd64.files
pal_carbon_collector,1.5.2-2-ga5b028b-2025.02.14.04.58,https://github.com/pal-robotics/pal_statistics/tree/kinetic-devel,success,pal_carbon_collector_1.5.2-2-ga5b028b-2025.02.14.04.58-bloom_generate.log,ros-one-pal-carbon-collector_1.5.2-2-ga5b028b-2025.02.14.04.58_amd64-2025-02-14T04:58:53Z.build,ros-one-pal-carbon-collector_1.5.2-2-ga5b028b-2025.02.14.04.58_amd64.deb,ros-one-pal-carbon-collector_1.5.2-2-ga5b028b-2025.02.14.04.58_amd64.files
pal_statistics_msgs,1.5.2-2-ga5b028b-2025.02.14.05.00,https://github.com/pal-robotics/pal_statistics/tree/kinetic-devel,success,pal_statistics_msgs_1.5.2-2-ga5b028b-2025.02.14.05.00-bloom_generate.log,ros-one-pal-statistics-msgs_1.5.2-2-ga5b028b-2025.02.14.05.00_amd64-2025-02-14T05:00:05Z.build,ros-one-pal-statistics-msgs_1.5.2-2-ga5b028b-2025.02.14.05.00_amd64.deb,ros-one-pal-statistics-msgs_1.5.2-2-ga5b028b-2025.02.14.05.00_amd64.files
pal_statistics,1.5.2-2-ga5b028b-2025.02.14.05.01,https://github.com/pal-robotics/pal_statistics/tree/kinetic-devel,success,pal_statistics_1.5.2-2-ga5b028b-2025.02.14.05.01-bloom_generate.log,ros-one-pal-statistics_1.5.2-2-ga5b028b-2025.02.14.05.01_amd64-2025-02-14T05:01:26Z.build,ros-one-pal-statistics_1.5.2-2-ga5b028b-2025.02.14.05.01_amd64.deb,ros-one-pal-statistics_1.5.2-2-ga5b028b-2025.02.14.05.01_amd64.files
unique_identifier,1.0.6-9-g39b8b62-2025.02.14.05.03,https://github.com/ros-geographic-info/unique_identifier/tree/master,success,unique_identifier_1.0.6-9-g39b8b62-2025.02.14.05.03-bloom_generate.log,ros-one-unique-identifier_1.0.6-9-g39b8b62-2025.02.14.05.03_amd64-2025-02-14T05:03:30Z.build,ros-one-unique-identifier_1.0.6-9-g39b8b62-2025.02.14.05.03_amd64.deb,ros-one-unique-identifier_1.0.6-9-g39b8b62-2025.02.14.05.03_amd64.files
uuid_msgs,1.0.6-9-g39b8b62-2025.02.14.05.04,https://github.com/ros-geographic-info/unique_identifier/tree/master,success,uuid_msgs_1.0.6-9-g39b8b62-2025.02.14.05.04-bloom_generate.log,ros-one-uuid-msgs_1.0.6-9-g39b8b62-2025.02.14.05.04_amd64-2025-02-14T05:04:40Z.build,ros-one-uuid-msgs_1.0.6-9-g39b8b62-2025.02.14.05.04_amd64.deb,ros-one-uuid-msgs_1.0.6-9-g39b8b62-2025.02.14.05.04_amd64.files
unique_id,1.0.6-9-g39b8b62-2025.02.14.05.05,https://github.com/ros-geographic-info/unique_identifier/tree/master,success,unique_id_1.0.6-9-g39b8b62-2025.02.14.05.05-bloom_generate.log,ros-one-unique-id_1.0.6-9-g39b8b62-2025.02.14.05.05_amd64-2025-02-14T05:05:59Z.build,ros-one-unique-id_1.0.6-9-g39b8b62-2025.02.14.05.05_amd64.deb,ros-one-unique-id_1.0.6-9-g39b8b62-2025.02.14.05.05_amd64.files
xacro,1.14.19-1-g626fc4b-2025.02.14.05.07,https://github.com/ros/xacro/tree/noetic-devel,success,xacro_1.14.19-1-g626fc4b-2025.02.14.05.07-bloom_generate.log,ros-one-xacro_1.14.19-1-g626fc4b-2025.02.14.05.07_amd64-2025-02-14T05:07:25Z.build,ros-one-xacro_1.14.19-1-g626fc4b-2025.02.14.05.07_amd64.deb,ros-one-xacro_1.14.19-1-g626fc4b-2025.02.14.05.07_amd64.files
cv_bridge,1.16.2-2-gcfabf72-2025.02.14.04.58,https://github.com/ros-perception/vision_opencv/tree/noetic,success,cv_bridge_1.16.2-2-gcfabf72-2025.02.14.04.58-bloom_generate.log,ros-one-cv-bridge_1.16.2-2-gcfabf72-2025.02.14.04.58_amd64-2025-02-14T04:58:42Z.build,ros-one-cv-bridge_1.16.2-2-gcfabf72-2025.02.14.04.58_amd64.deb,ros-one-cv-bridge_1.16.2-2-gcfabf72-2025.02.14.04.58_amd64.files
graph_msgs,0.1.0-3-g530fe7c-2025.02.14.05.00,https://github.com/PickNikRobotics/graph_msgs/tree/jade-devel,success,graph_msgs_0.1.0-3-g530fe7c-2025.02.14.05.00-bloom_generate.log,ros-one-graph-msgs_0.1.0-3-g530fe7c-2025.02.14.05.00_amd64-2025-02-14T05:00:52Z.build,ros-one-graph-msgs_0.1.0-3-g530fe7c-2025.02.14.05.00_amd64.deb,ros-one-graph-msgs_0.1.0-3-g530fe7c-2025.02.14.05.00_amd64.files
image_geometry,1.16.2-2-gcfabf72-2025.02.14.05.02,https://github.com/ros-perception/vision_opencv/tree/noetic,success,image_geometry_1.16.2-2-gcfabf72-2025.02.14.05.02-bloom_generate.log,ros-one-image-geometry_1.16.2-2-gcfabf72-2025.02.14.05.02_amd64-2025-02-14T05:02:07Z.build,ros-one-image-geometry_1.16.2-2-gcfabf72-2025.02.14.05.02_amd64.deb,ros-one-image-geometry_1.16.2-2-gcfabf72-2025.02.14.05.02_amd64.files
opencv_tests,1.16.2-2-gcfabf72-2025.02.14.05.03,https://github.com/ros-perception/vision_opencv/tree/noetic,success,opencv_tests_1.16.2-2-gcfabf72-2025.02.14.05.03-bloom_generate.log,ros-one-opencv-tests_1.16.2-2-gcfabf72-2025.02.14.05.03_amd64-2025-02-14T05:03:53Z.build,ros-one-opencv-tests_1.16.2-2-gcfabf72-2025.02.14.05.03_amd64.deb,ros-one-opencv-tests_1.16.2-2-gcfabf72-2025.02.14.05.03_amd64.files
rosbag_snapshot_msgs,1.0.5-1-g2f349da-2025.02.14.05.05,https://github.com/ros/rosbag_snapshot/tree/main,success,rosbag_snapshot_msgs_1.0.5-1-g2f349da-2025.02.14.05.05-bloom_generate.log,ros-one-rosbag-snapshot-msgs_1.0.5-1-g2f349da-2025.02.14.05.05_amd64-2025-02-14T05:05:05Z.build,ros-one-rosbag-snapshot-msgs_1.0.5-1-g2f349da-2025.02.14.05.05_amd64.deb,ros-one-rosbag-snapshot-msgs_1.0.5-1-g2f349da-2025.02.14.05.05_amd64.files
rosbag_snapshot,1.0.5-1-g2f349da-2025.02.14.05.06,https://github.com/ros/rosbag_snapshot/tree/main,success,rosbag_snapshot_1.0.5-1-g2f349da-2025.02.14.05.06-bloom_generate.log,ros-one-rosbag-snapshot_1.0.5-1-g2f349da-2025.02.14.05.06_amd64-2025-02-14T05:06:24Z.build,ros-one-rosbag-snapshot_1.0.5-1-g2f349da-2025.02.14.05.06_amd64.deb,ros-one-rosbag-snapshot_1.0.5-1-g2f349da-2025.02.14.05.06_amd64.files
vision_opencv,1.16.2-2-gcfabf72-2025.02.14.05.08,https://github.com/ros-perception/vision_opencv/tree/noetic,success,vision_opencv_1.16.2-2-gcfabf72-2025.02.14.05.08-bloom_generate.log,ros-one-vision-opencv_1.16.2-2-gcfabf72-2025.02.14.05.08_amd64-2025-02-14T05:08:14Z.build,ros-one-vision-opencv_1.16.2-2-gcfabf72-2025.02.14.05.08_amd64.deb,ros-one-vision-opencv_1.16.2-2-gcfabf72-2025.02.14.05.08_amd64.files
backward_ros,0.1.8-2025.02.14.04.58,https://github.com/pal-robotics/backward_ros/tree/kinetic-devel,success,backward_ros_0.1.8-2025.02.14.04.58-bloom_generate.log,ros-one-backward-ros_0.1.8-2025.02.14.04.58_amd64-2025-02-14T04:58:59Z.build,ros-one-backward-ros_0.1.8-2025.02.14.04.58_amd64.deb,ros-one-backward-ros_0.1.8-2025.02.14.04.58_amd64.files
map_msgs,1.14.1-2025.02.14.05.00,https://github.com/ros-planning/navigation_msgs/tree/ros1,success,map_msgs_1.14.1-2025.02.14.05.00-bloom_generate.log,ros-one-map-msgs_1.14.1-2025.02.14.05.00_amd64-2025-02-14T05:00:25Z.build,ros-one-map-msgs_1.14.1-2025.02.14.05.00_amd64.deb,ros-one-map-msgs_1.14.1-2025.02.14.05.00_amd64.files
move_base_msgs,1.14.1-2025.02.14.05.01,https://github.com/ros-planning/navigation_msgs/tree/ros1,success,move_base_msgs_1.14.1-2025.02.14.05.01-bloom_generate.log,ros-one-move-base-msgs_1.14.1-2025.02.14.05.01_amd64-2025-02-14T05:01:47Z.build,ros-one-move-base-msgs_1.14.1-2025.02.14.05.01_amd64.deb,ros-one-move-base-msgs_1.14.1-2025.02.14.05.01_amd64.files
ros_tutorials,0.10.2-3-gdb63288-2025.02.14.05.03,https://github.com/ros/ros_tutorials/tree/noetic-devel,success,ros_tutorials_0.10.2-3-gdb63288-2025.02.14.05.03-bloom_generate.log,ros-one-ros-tutorials_0.10.2-3-gdb63288-2025.02.14.05.03_amd64-2025-02-14T05:03:08Z.build,ros-one-ros-tutorials_0.10.2-3-gdb63288-2025.02.14.05.03_amd64.deb,ros-one-ros-tutorials_0.10.2-3-gdb63288-2025.02.14.05.03_amd64.files
roscpp_tutorials,0.10.2-3-gdb63288-2025.02.14.05.04,https://github.com/ros/ros_tutorials/tree/noetic-devel,success,roscpp_tutorials_0.10.2-3-gdb63288-2025.02.14.05.04-bloom_generate.log,ros-one-roscpp-tutorials_0.10.2-3-gdb63288-2025.02.14.05.04_amd64-2025-02-14T05:04:22Z.build,ros-one-roscpp-tutorials_0.10.2-3-gdb63288-2025.02.14.05.04_amd64.deb,ros-one-roscpp-tutorials_0.10.2-3-gdb63288-2025.02.14.05.04_amd64.files
rospy_tutorials,0.10.2-3-gdb63288-2025.02.14.05.06,https://github.com/ros/ros_tutorials/tree/noetic-devel,success,rospy_tutorials_0.10.2-3-gdb63288-2025.02.14.05.06-bloom_generate.log,ros-one-rospy-tutorials_0.10.2-3-gdb63288-2025.02.14.05.06_amd64-2025-02-14T05:06:21Z.build,ros-one-rospy-tutorials_0.10.2-3-gdb63288-2025.02.14.05.06_amd64.deb,ros-one-rospy-tutorials_0.10.2-3-gdb63288-2025.02.14.05.06_amd64.files
turtlesim,0.10.2-3-gdb63288-2025.02.14.05.07,https://github.com/ros/ros_tutorials/tree/noetic-devel,success,turtlesim_0.10.2-3-gdb63288-2025.02.14.05.07-bloom_generate.log,ros-one-turtlesim_0.10.2-3-gdb63288-2025.02.14.05.07_amd64-2025-02-14T05:07:51Z.build,ros-one-turtlesim_0.10.2-3-gdb63288-2025.02.14.05.07_amd64.deb,ros-one-turtlesim_0.10.2-3-gdb63288-2025.02.14.05.07_amd64.files
camera_calibration_parsers,1.12.0-9-g21aac6a-2025.02.14.04.58,https://github.com/ros-perception/image_common/tree/noetic-devel,success,camera_calibration_parsers_1.12.0-9-g21aac6a-2025.02.14.04.58-bloom_generate.log,ros-one-camera-calibration-parsers_1.12.0-9-g21aac6a-2025.02.14.04.58_amd64-2025-02-14T04:58:38Z.build,ros-one-camera-calibration-parsers_1.12.0-9-g21aac6a-2025.02.14.04.58_amd64.deb,ros-one-camera-calibration-parsers_1.12.0-9-g21aac6a-2025.02.14.04.58_amd64.files
image_common,1.12.0-9-g21aac6a-2025.02.14.05.00,https://github.com/ros-perception/image_common/tree/noetic-devel,success,image_common_1.12.0-9-g21aac6a-2025.02.14.05.00-bloom_generate.log,ros-one-image-common_1.12.0-9-g21aac6a-2025.02.14.05.00_amd64-2025-02-14T05:00:23Z.build,ros-one-image-common_1.12.0-9-g21aac6a-2025.02.14.05.00_amd64.deb,ros-one-image-common_1.12.0-9-g21aac6a-2025.02.14.05.00_amd64.files
image_transport,1.12.0-9-g21aac6a-2025.02.14.05.01,https://github.com/ros-perception/image_common/tree/noetic-devel,success,image_transport_1.12.0-9-g21aac6a-2025.02.14.05.01-bloom_generate.log,ros-one-image-transport_1.12.0-9-g21aac6a-2025.02.14.05.01_amd64-2025-02-14T05:01:31Z.build,ros-one-image-transport_1.12.0-9-g21aac6a-2025.02.14.05.01_amd64.deb,ros-one-image-transport_1.12.0-9-g21aac6a-2025.02.14.05.01_amd64.files
camera_info_manager,1.12.0-9-g21aac6a-2025.02.14.05.03,https://github.com/ros-perception/image_common/tree/noetic-devel,success,camera_info_manager_1.12.0-9-g21aac6a-2025.02.14.05.03-bloom_generate.log,ros-one-camera-info-manager_1.12.0-9-g21aac6a-2025.02.14.05.03_amd64-2025-02-14T05:03:26Z.build,ros-one-camera-info-manager_1.12.0-9-g21aac6a-2025.02.14.05.03_amd64.deb,ros-one-camera-info-manager_1.12.0-9-g21aac6a-2025.02.14.05.03_amd64.files
ml_classifiers,0.3.0-13-gff40451-2025.02.14.05.05,https://github.com/sniekum/ml_classifiers/tree/master,success,ml_classifiers_0.3.0-13-gff40451-2025.02.14.05.05-bloom_generate.log,ros-one-ml-classifiers_0.3.0-13-gff40451-2025.02.14.05.05_amd64-2025-02-14T05:05:03Z.build,ros-one-ml-classifiers_0.3.0-13-gff40451-2025.02.14.05.05_amd64.deb,ros-one-ml-classifiers_0.3.0-13-gff40451-2025.02.14.05.05_amd64.files
object_recognition_msgs,0.4.2-2025.02.14.05.06,https://github.com/wg-perception/object_recognition_msgs/tree/noetic-devel,success,object_recognition_msgs_0.4.2-2025.02.14.05.06-bloom_generate.log,ros-one-object-recognition-msgs_0.4.2-2025.02.14.05.06_amd64-2025-02-14T05:06:45Z.build,ros-one-object-recognition-msgs_0.4.2-2025.02.14.05.06_amd64.deb,ros-one-object-recognition-msgs_0.4.2-2025.02.14.05.06_amd64.files
polled_camera,1.12.0-9-g21aac6a-2025.02.14.05.08,https://github.com/ros-perception/image_common/tree/noetic-devel,success,polled_camera_1.12.0-9-g21aac6a-2025.02.14.05.08-bloom_generate.log,ros-one-polled-camera_1.12.0-9-g21aac6a-2025.02.14.05.08_amd64-2025-02-14T05:08:05Z.build,ros-one-polled-camera_1.12.0-9-g21aac6a-2025.02.14.05.08_amd64.deb,ros-one-polled-camera_1.12.0-9-g21aac6a-2025.02.14.05.08_amd64.files
baxter_common,1.2.0-2025.02.14.04.58,https://github.com/RethinkRobotics/baxter_common/tree/master,success,baxter_common_1.2.0-2025.02.14.04.58-bloom_generate.log,ros-one-baxter-common_1.2.0-2025.02.14.04.58_amd64-2025-02-14T04:58:41Z.build,ros-one-baxter-common_1.2.0-2025.02.14.04.58_amd64.deb,ros-one-baxter-common_1.2.0-2025.02.14.04.58_amd64.files
baxter_core_msgs,1.2.0-2025.02.14.04.59,https://github.com/RethinkRobotics/baxter_common/tree/master,success,baxter_core_msgs_1.2.0-2025.02.14.04.59-bloom_generate.log,ros-one-baxter-core-msgs_1.2.0-2025.02.14.04.59_amd64-2025-02-14T04:59:49Z.build,ros-one-baxter-core-msgs_1.2.0-2025.02.14.04.59_amd64.deb,ros-one-baxter-core-msgs_1.2.0-2025.02.14.04.59_amd64.files
baxter_description,1.2.0-2025.02.14.05.01,https://github.com/RethinkRobotics/baxter_common/tree/master,success,baxter_description_1.2.0-2025.02.14.05.01-bloom_generate.log,ros-one-baxter-description_1.2.0-2025.02.14.05.01_amd64-2025-02-14T05:01:14Z.build,ros-one-baxter-description_1.2.0-2025.02.14.05.01_amd64.deb,ros-one-baxter-description_1.2.0-2025.02.14.05.01_amd64.files
baxter_maintenance_msgs,1.2.0-2025.02.14.05.02,https://github.com/RethinkRobotics/baxter_common/tree/master,success,baxter_maintenance_msgs_1.2.0-2025.02.14.05.02-bloom_generate.log,ros-one-baxter-maintenance-msgs_1.2.0-2025.02.14.05.02_amd64-2025-02-14T05:02:32Z.build,ros-one-baxter-maintenance-msgs_1.2.0-2025.02.14.05.02_amd64.deb,ros-one-baxter-maintenance-msgs_1.2.0-2025.02.14.05.02_amd64.files
control_msgs,1.5.2-6-g36e2e30-2025.02.14.05.03,https://github.com/ros-controls/control_msgs/tree/kinetic-devel,success,control_msgs_1.5.2-6-g36e2e30-2025.02.14.05.03-bloom_generate.log,ros-one-control-msgs_1.5.2-6-g36e2e30-2025.02.14.05.03_amd64-2025-02-14T05:03:51Z.build,ros-one-control-msgs_1.5.2-6-g36e2e30-2025.02.14.05.03_amd64.deb,ros-one-control-msgs_1.5.2-6-g36e2e30-2025.02.14.05.03_amd64.files
geometric_shapes,0.7.7-1-gc24eb49-2025.02.14.05.05,https://github.com/moveit/geometric_shapes/tree/noetic-devel,success,geometric_shapes_0.7.7-1-gc24eb49-2025.02.14.05.05-bloom_generate.log,ros-one-geometric-shapes_0.7.7-1-gc24eb49-2025.02.14.05.05_amd64-2025-02-14T05:05:19Z.build,ros-one-geometric-shapes_0.7.7-1-gc24eb49-2025.02.14.05.05_amd64.deb,ros-one-geometric-shapes_0.7.7-1-gc24eb49-2025.02.14.05.05_amd64.files
rethink_ee_description,1.2.0-2025.02.14.05.07,https://github.com/RethinkRobotics/baxter_common/tree/master,success,rethink_ee_description_1.2.0-2025.02.14.05.07-bloom_generate.log,ros-one-rethink-ee-description_1.2.0-2025.02.14.05.07_amd64-2025-02-14T05:07:14Z.build,ros-one-rethink-ee-description_1.2.0-2025.02.14.05.07_amd64.deb,ros-one-rethink-ee-description_1.2.0-2025.02.14.05.07_amd64.files
allocators,1.0.25-10-g6ad6177-2025.02.14.04.58,https://github.com/ros-o/ros_realtime/tree/obese-devel,success,allocators_1.0.25-10-g6ad6177-2025.02.14.04.58-bloom_generate.log,ros-one-allocators_1.0.25-10-g6ad6177-2025.02.14.04.58_amd64-2025-02-14T04:58:44Z.build,ros-one-allocators_1.0.25-10-g6ad6177-2025.02.14.04.58_amd64.deb,ros-one-allocators_1.0.25-10-g6ad6177-2025.02.14.04.58_amd64.files
ros_realtime,1.0.25-10-g6ad6177-2025.02.14.04.59,https://github.com/ros-o/ros_realtime/tree/obese-devel,success,ros_realtime_1.0.25-10-g6ad6177-2025.02.14.04.59-bloom_generate.log,ros-one-ros-realtime_1.0.25-10-g6ad6177-2025.02.14.04.59_amd64-2025-02-14T04:59:53Z.build,ros-one-ros-realtime_1.0.25-10-g6ad6177-2025.02.14.04.59_amd64.deb,ros-one-ros-realtime_1.0.25-10-g6ad6177-2025.02.14.04.59_amd64.files
rosatomic,1.0.25-10-g6ad6177-2025.02.14.05.01,https://github.com/ros-o/ros_realtime/tree/obese-devel,success,rosatomic_1.0.25-10-g6ad6177-2025.02.14.05.01-bloom_generate.log,ros-one-rosatomic_1.0.25-10-g6ad6177-2025.02.14.05.01_amd64-2025-02-14T05:01:03Z.build,ros-one-rosatomic_1.0.25-10-g6ad6177-2025.02.14.05.01_amd64.deb,ros-one-rosatomic_1.0.25-10-g6ad6177-2025.02.14.05.01_amd64.files
lockfree,1.0.25-10-g6ad6177-2025.02.14.05.02,https://github.com/ros-o/ros_realtime/tree/obese-devel,success,lockfree_1.0.25-10-g6ad6177-2025.02.14.05.02-bloom_generate.log,ros-one-lockfree_1.0.25-10-g6ad6177-2025.02.14.05.02_amd64-2025-02-14T05:02:15Z.build,ros-one-lockfree_1.0.25-10-g6ad6177-2025.02.14.05.02_amd64.deb,ros-one-lockfree_1.0.25-10-g6ad6177-2025.02.14.05.02_amd64.files
rosauth,1.0.1-1-gc2a5908-2025.02.14.05.03,https://github.com/GT-RAIL/rosauth/tree/develop,success,rosauth_1.0.1-1-gc2a5908-2025.02.14.05.03-bloom_generate.log,ros-one-rosauth_1.0.1-1-gc2a5908-2025.02.14.05.03_amd64-2025-02-14T05:03:38Z.build,ros-one-rosauth_1.0.1-1-gc2a5908-2025.02.14.05.03_amd64.deb,ros-one-rosauth_1.0.1-1-gc2a5908-2025.02.14.05.03_amd64.files
rosrt,1.0.25-10-g6ad6177-2025.02.14.05.05,https://github.com/ros-o/ros_realtime/tree/obese-devel,success,rosrt_1.0.25-10-g6ad6177-2025.02.14.05.05-bloom_generate.log,ros-one-rosrt_1.0.25-10-g6ad6177-2025.02.14.05.05_amd64-2025-02-14T05:05:03Z.build,ros-one-rosrt_1.0.25-10-g6ad6177-2025.02.14.05.05_amd64.deb,ros-one-rosrt_1.0.25-10-g6ad6177-2025.02.14.05.05_amd64.files
ur_msgs,1.4.0-2025.02.14.05.06,https://github.com/ros-industrial/ur_msgs/tree/noetic-devel,success,ur_msgs_1.4.0-2025.02.14.05.06-bloom_generate.log,ros-one-ur-msgs_1.4.0-2025.02.14.05.06_amd64-2025-02-14T05:06:40Z.build,ros-one-ur-msgs_1.4.0-2025.02.14.05.06_amd64.deb,ros-one-ur-msgs_1.4.0-2025.02.14.05.06_amd64.files
actionlib,1.14.0-7-g792eeda-2025.02.14.04.58,https://github.com/ros-o/actionlib/tree/obese-devel,success,actionlib_1.14.0-7-g792eeda-2025.02.14.04.58-bloom_generate.log,ros-one-actionlib_1.14.0-7-g792eeda-2025.02.14.04.58_amd64-2025-02-14T04:58:35Z.build,ros-one-actionlib_1.14.0-7-g792eeda-2025.02.14.04.58_amd64.deb,ros-one-actionlib_1.14.0-7-g792eeda-2025.02.14.04.58_amd64.files
actionlib_tools,1.14.0-7-g792eeda-2025.02.14.05.00,https://github.com/ros-o/actionlib/tree/obese-devel,success,actionlib_tools_1.14.0-7-g792eeda-2025.02.14.05.00-bloom_generate.log,ros-one-actionlib-tools_1.14.0-7-g792eeda-2025.02.14.05.00_amd64-2025-02-14T05:00:08Z.build,ros-one-actionlib-tools_1.14.0-7-g792eeda-2025.02.14.05.00_amd64.deb,ros-one-actionlib-tools_1.14.0-7-g792eeda-2025.02.14.05.00_amd64.files
catkin_virtualenv,0.14.0-2025.02.14.05.01,https://github.com/locusrobotics/catkin_virtualenv/tree/master,success,catkin_virtualenv_0.14.0-2025.02.14.05.01-bloom_generate.log,ros-one-catkin-virtualenv_0.14.0-2025.02.14.05.01_amd64-2025-02-14T05:01:16Z.build,ros-one-catkin-virtualenv_0.14.0-2025.02.14.05.01_amd64.deb,ros-one-catkin-virtualenv_0.14.0-2025.02.14.05.01_amd64.files
ethercat_grant,0.3.2-2025.02.14.05.02,https://github.com/shadow-robot/ethercat_grant/tree/noetic-devel,success,ethercat_grant_0.3.2-2025.02.14.05.02-bloom_generate.log,ros-one-ethercat-grant_0.3.2-2025.02.14.05.02_amd64-2025-02-14T05:02:25Z.build,ros-one-ethercat-grant_0.3.2-2025.02.14.05.02_amd64.deb,ros-one-ethercat-grant_0.3.2-2025.02.14.05.02_amd64.files
test_catkin_virtualenv,0.14.0-2025.02.14.05.03,https://github.com/locusrobotics/catkin_virtualenv/tree/master,failed-sbuild,test_catkin_virtualenv_0.14.0-2025.02.14.05.03-bloom_generate.log,ros-one-test-catkin-virtualenv_0.14.0-2025.02.14.05.03_amd64-2025-02-14T05:03:40Z.build,,
test_catkin_virtualenv_inherited,0.14.0-2025.02.14.05.04,https://github.com/locusrobotics/catkin_virtualenv/tree/master,failed-sbuild,test_catkin_virtualenv_inherited_0.14.0-2025.02.14.05.04-bloom_generate.log,ros-one-test-catkin-virtualenv-inherited_0.14.0-2025.02.14.05.04_amd64-2025-02-14T05:05:00Z.build,,
view_controller_msgs,0.2.0-2025.02.14.05.06,https://github.com/ros-visualization/view_controller_msgs/tree/noetic-devel,success,view_controller_msgs_0.2.0-2025.02.14.05.06-bloom_generate.log,ros-one-view-controller-msgs_0.2.0-2025.02.14.05.06_amd64-2025-02-14T05:06:02Z.build,ros-one-view-controller-msgs_0.2.0-2025.02.14.05.06_amd64.deb,ros-one-view-controller-msgs_0.2.0-2025.02.14.05.06_amd64.files
geometry2,0.7.5-23-gfbcdc99-2025.02.14.05.19,https://github.com/ros-o/geometry2/tree/obese-devel,success,geometry2_0.7.5-23-gfbcdc99-2025.02.14.05.19-bloom_generate.log,ros-one-geometry2_0.7.5-23-gfbcdc99-2025.02.14.05.19_amd64-2025-02-14T05:19:44Z.build,ros-one-geometry2_0.7.5-23-gfbcdc99-2025.02.14.05.19_amd64.deb,ros-one-geometry2_0.7.5-23-gfbcdc99-2025.02.14.05.19_amd64.files
tf2_msgs,0.7.5-23-gfbcdc99-2025.02.14.05.21,https://github.com/ros-o/geometry2/tree/obese-devel,success,tf2_msgs_0.7.5-23-gfbcdc99-2025.02.14.05.21-bloom_generate.log,ros-one-tf2-msgs_0.7.5-23-gfbcdc99-2025.02.14.05.21_amd64-2025-02-14T05:21:12Z.build,ros-one-tf2-msgs_0.7.5-23-gfbcdc99-2025.02.14.05.21_amd64.deb,ros-one-tf2-msgs_0.7.5-23-gfbcdc99-2025.02.14.05.21_amd64.files
tf2,0.7.5-23-gfbcdc99-2025.02.14.05.22,https://github.com/ros-o/geometry2/tree/obese-devel,success,tf2_0.7.5-23-gfbcdc99-2025.02.14.05.22-bloom_generate.log,ros-one-tf2_0.7.5-23-gfbcdc99-2025.02.14.05.22_amd64-2025-02-14T05:22:51Z.build,ros-one-tf2_0.7.5-23-gfbcdc99-2025.02.14.05.22_amd64.deb,ros-one-tf2_0.7.5-23-gfbcdc99-2025.02.14.05.22_amd64.files
tf2_bullet,0.7.5-23-gfbcdc99-2025.02.14.05.24,https://github.com/ros-o/geometry2/tree/obese-devel,success,tf2_bullet_0.7.5-23-gfbcdc99-2025.02.14.05.24-bloom_generate.log,ros-one-tf2-bullet_0.7.5-23-gfbcdc99-2025.02.14.05.24_amd64-2025-02-14T05:24:36Z.build,ros-one-tf2-bullet_0.7.5-23-gfbcdc99-2025.02.14.05.24_amd64.deb,ros-one-tf2-bullet_0.7.5-23-gfbcdc99-2025.02.14.05.24_amd64.files
tf2_eigen,0.7.5-23-gfbcdc99-2025.02.14.05.26,https://github.com/ros-o/geometry2/tree/obese-devel,success,tf2_eigen_0.7.5-23-gfbcdc99-2025.02.14.05.26-bloom_generate.log,ros-one-tf2-eigen_0.7.5-23-gfbcdc99-2025.02.14.05.26_amd64-2025-02-14T05:26:12Z.build,ros-one-tf2-eigen_0.7.5-23-gfbcdc99-2025.02.14.05.26_amd64.deb,ros-one-tf2-eigen_0.7.5-23-gfbcdc99-2025.02.14.05.26_amd64.files
tf2_py,0.7.5-23-gfbcdc99-2025.02.14.05.27,https://github.com/ros-o/geometry2/tree/obese-devel,success,tf2_py_0.7.5-23-gfbcdc99-2025.02.14.05.27-bloom_generate.log,ros-one-tf2-py_0.7.5-23-gfbcdc99-2025.02.14.05.27_amd64-2025-02-14T05:27:47Z.build,ros-one-tf2-py_0.7.5-23-gfbcdc99-2025.02.14.05.27_amd64.deb,ros-one-tf2-py_0.7.5-23-gfbcdc99-2025.02.14.05.27_amd64.files
tf2_ros,0.7.5-23-gfbcdc99-2025.02.14.05.29,https://github.com/ros-o/geometry2/tree/obese-devel,success,tf2_ros_0.7.5-23-gfbcdc99-2025.02.14.05.29-bloom_generate.log,ros-one-tf2-ros_0.7.5-23-gfbcdc99-2025.02.14.05.29_amd64-2025-02-14T05:29:34Z.build,ros-one-tf2-ros_0.7.5-23-gfbcdc99-2025.02.14.05.29_amd64.deb,ros-one-tf2-ros_0.7.5-23-gfbcdc99-2025.02.14.05.29_amd64.files
tf2_geometry_msgs,0.7.5-23-gfbcdc99-2025.02.14.05.31,https://github.com/ros-o/geometry2/tree/obese-devel,success,tf2_geometry_msgs_0.7.5-23-gfbcdc99-2025.02.14.05.31-bloom_generate.log,ros-one-tf2-geometry-msgs_0.7.5-23-gfbcdc99-2025.02.14.05.31_amd64-2025-02-14T05:31:48Z.build,ros-one-tf2-geometry-msgs_0.7.5-23-gfbcdc99-2025.02.14.05.31_amd64.deb,ros-one-tf2-geometry-msgs_0.7.5-23-gfbcdc99-2025.02.14.05.31_amd64.files
tf2_kdl,0.7.5-23-gfbcdc99-2025.02.14.05.33,https://github.com/ros-o/geometry2/tree/obese-devel,success,tf2_kdl_0.7.5-23-gfbcdc99-2025.02.14.05.33-bloom_generate.log,ros-one-tf2-kdl_0.7.5-23-gfbcdc99-2025.02.14.05.33_amd64-2025-02-14T05:33:30Z.build,ros-one-tf2-kdl_0.7.5-23-gfbcdc99-2025.02.14.05.33_amd64.deb,ros-one-tf2-kdl_0.7.5-23-gfbcdc99-2025.02.14.05.33_amd64.files
test_tf2,0.7.5-23-gfbcdc99-2025.02.14.05.35,https://github.com/ros-o/geometry2/tree/obese-devel,success,test_tf2_0.7.5-23-gfbcdc99-2025.02.14.05.35-bloom_generate.log,ros-one-test-tf2_0.7.5-23-gfbcdc99-2025.02.14.05.35_amd64-2025-02-14T05:35:16Z.build,ros-one-test-tf2_0.7.5-23-gfbcdc99-2025.02.14.05.35_amd64.deb,ros-one-test-tf2_0.7.5-23-gfbcdc99-2025.02.14.05.35_amd64.files
tf2_sensor_msgs,0.7.5-23-gfbcdc99-2025.02.14.05.37,https://github.com/ros-o/geometry2/tree/obese-devel,success,tf2_sensor_msgs_0.7.5-23-gfbcdc99-2025.02.14.05.37-bloom_generate.log,ros-one-tf2-sensor-msgs_0.7.5-23-gfbcdc99-2025.02.14.05.37_amd64-2025-02-14T05:37:01Z.build,ros-one-tf2-sensor-msgs_0.7.5-23-gfbcdc99-2025.02.14.05.37_amd64.deb,ros-one-tf2-sensor-msgs_0.7.5-23-gfbcdc99-2025.02.14.05.37_amd64.files
tf2_tools,0.7.5-23-gfbcdc99-2025.02.14.05.38,https://github.com/ros-o/geometry2/tree/obese-devel,success,tf2_tools_0.7.5-23-gfbcdc99-2025.02.14.05.38-bloom_generate.log,ros-one-tf2-tools_0.7.5-23-gfbcdc99-2025.02.14.05.38_amd64-2025-02-14T05:38:44Z.build,ros-one-tf2-tools_0.7.5-23-gfbcdc99-2025.02.14.05.38_amd64.deb,ros-one-tf2-tools_0.7.5-23-gfbcdc99-2025.02.14.05.38_amd64.files
audio_common,0.3.18-2025.02.14.05.20,https://github.com/ros-drivers/audio_common/tree/master,success,audio_common_0.3.18-2025.02.14.05.20-bloom_generate.log,ros-one-audio-common_0.3.18-2025.02.14.05.20_amd64-2025-02-14T05:20:21Z.build,ros-one-audio-common_0.3.18-2025.02.14.05.20_amd64.deb,ros-one-audio-common_0.3.18-2025.02.14.05.20_amd64.files
audio_common_msgs,0.3.18-2025.02.14.05.21,https://github.com/ros-drivers/audio_common/tree/master,success,audio_common_msgs_0.3.18-2025.02.14.05.21-bloom_generate.log,ros-one-audio-common-msgs_0.3.18-2025.02.14.05.21_amd64-2025-02-14T05:21:55Z.build,ros-one-audio-common-msgs_0.3.18-2025.02.14.05.21_amd64.deb,ros-one-audio-common-msgs_0.3.18-2025.02.14.05.21_amd64.files
audio_capture,0.3.18-2025.02.14.05.23,https://github.com/ros-drivers/audio_common/tree/master,success,audio_capture_0.3.18-2025.02.14.05.23-bloom_generate.log,ros-one-audio-capture_0.3.18-2025.02.14.05.23_amd64-2025-02-14T05:23:35Z.build,ros-one-audio-capture_0.3.18-2025.02.14.05.23_amd64.deb,ros-one-audio-capture_0.3.18-2025.02.14.05.23_amd64.files
audio_play,0.3.18-2025.02.14.05.25,https://github.com/ros-drivers/audio_common/tree/master,success,audio_play_0.3.18-2025.02.14.05.25-bloom_generate.log,ros-one-audio-play_0.3.18-2025.02.14.05.25_amd64-2025-02-14T05:25:38Z.build,ros-one-audio-play_0.3.18-2025.02.14.05.25_amd64.deb,ros-one-audio-play_0.3.18-2025.02.14.05.25_amd64.files
collada_parser,1.12.13-1-g4d944c2-2025.02.14.05.27,https://github.com/ros-o/collada_urdf/tree/obese-devel,success,collada_parser_1.12.13-1-g4d944c2-2025.02.14.05.27-bloom_generate.log,ros-one-collada-parser_1.12.13-1-g4d944c2-2025.02.14.05.27_amd64-2025-02-14T05:27:37Z.build,ros-one-collada-parser_1.12.13-1-g4d944c2-2025.02.14.05.27_amd64.deb,ros-one-collada-parser_1.12.13-1-g4d944c2-2025.02.14.05.27_amd64.files
collada_urdf,1.12.13-1-g4d944c2-2025.02.14.05.29,https://github.com/ros-o/collada_urdf/tree/obese-devel,success,collada_urdf_1.12.13-1-g4d944c2-2025.02.14.05.29-bloom_generate.log,ros-one-collada-urdf_1.12.13-1-g4d944c2-2025.02.14.05.29_amd64-2025-02-14T05:29:46Z.build,ros-one-collada-urdf_1.12.13-1-g4d944c2-2025.02.14.05.29_amd64.deb,ros-one-collada-urdf_1.12.13-1-g4d944c2-2025.02.14.05.29_amd64.files
dynamixel_controllers,0.4.1-3-g3d84232-2025.02.14.05.32,https://github.com/arebgun/dynamixel_motor/tree/master,success,dynamixel_controllers_0.4.1-3-g3d84232-2025.02.14.05.32-bloom_generate.log,ros-one-dynamixel-controllers_0.4.1-3-g3d84232-2025.02.14.05.32_amd64-2025-02-14T05:32:16Z.build,ros-one-dynamixel-controllers_0.4.1-3-g3d84232-2025.02.14.05.32_amd64.deb,ros-one-dynamixel-controllers_0.4.1-3-g3d84232-2025.02.14.05.32_amd64.files
dynamixel_driver,0.4.1-3-g3d84232-2025.02.14.05.33,https://github.com/arebgun/dynamixel_motor/tree/master,success,dynamixel_driver_0.4.1-3-g3d84232-2025.02.14.05.33-bloom_generate.log,ros-one-dynamixel-driver_0.4.1-3-g3d84232-2025.02.14.05.33_amd64-2025-02-14T05:33:57Z.build,ros-one-dynamixel-driver_0.4.1-3-g3d84232-2025.02.14.05.33_amd64.deb,ros-one-dynamixel-driver_0.4.1-3-g3d84232-2025.02.14.05.33_amd64.files
dynamixel_motor,0.4.1-3-g3d84232-2025.02.14.05.35,https://github.com/arebgun/dynamixel_motor/tree/master,success,dynamixel_motor_0.4.1-3-g3d84232-2025.02.14.05.35-bloom_generate.log,ros-one-dynamixel-motor_0.4.1-3-g3d84232-2025.02.14.05.35_amd64-2025-02-14T05:35:34Z.build,ros-one-dynamixel-motor_0.4.1-3-g3d84232-2025.02.14.05.35_amd64.deb,ros-one-dynamixel-motor_0.4.1-3-g3d84232-2025.02.14.05.35_amd64.files
dynamixel_msgs,0.4.1-3-g3d84232-2025.02.14.05.37,https://github.com/arebgun/dynamixel_motor/tree/master,success,dynamixel_msgs_0.4.1-3-g3d84232-2025.02.14.05.37-bloom_generate.log,ros-one-dynamixel-msgs_0.4.1-3-g3d84232-2025.02.14.05.37_amd64-2025-02-14T05:37:11Z.build,ros-one-dynamixel-msgs_0.4.1-3-g3d84232-2025.02.14.05.37_amd64.deb,ros-one-dynamixel-msgs_0.4.1-3-g3d84232-2025.02.14.05.37_amd64.files
dynamixel_tutorials,0.4.1-3-g3d84232-2025.02.14.05.38,https://github.com/arebgun/dynamixel_motor/tree/master,success,dynamixel_tutorials_0.4.1-3-g3d84232-2025.02.14.05.38-bloom_generate.log,ros-one-dynamixel-tutorials_0.4.1-3-g3d84232-2025.02.14.05.38_amd64-2025-02-14T05:38:56Z.build,ros-one-dynamixel-tutorials_0.4.1-3-g3d84232-2025.02.14.05.38_amd64.deb,ros-one-dynamixel-tutorials_0.4.1-3-g3d84232-2025.02.14.05.38_amd64.files
sound_play,0.3.18-2025.02.14.05.40,https://github.com/ros-drivers/audio_common/tree/master,success,sound_play_0.3.18-2025.02.14.05.40-bloom_generate.log,ros-one-sound-play_0.3.18-2025.02.14.05.40_amd64-2025-02-14T05:40:35Z.build,ros-one-sound-play_0.3.18-2025.02.14.05.40_amd64.deb,ros-one-sound-play_0.3.18-2025.02.14.05.40_amd64.files
joy_teleop,0.5.0-2025.02.14.05.20,https://github.com/ros-teleop/teleop_tools/tree/noetic-devel,success,joy_teleop_0.5.0-2025.02.14.05.20-bloom_generate.log,ros-one-joy-teleop_0.5.0-2025.02.14.05.20_amd64-2025-02-14T05:20:07Z.build,ros-one-joy-teleop_0.5.0-2025.02.14.05.20_amd64.deb,ros-one-joy-teleop_0.5.0-2025.02.14.05.20_amd64.files
kdl_parser,1.14.1-2-g093117a-2025.02.14.05.21,https://github.com/ros-o/kdl_parser/tree/obese-devel,success,kdl_parser_1.14.1-2-g093117a-2025.02.14.05.21-bloom_generate.log,ros-one-kdl-parser_1.14.1-2-g093117a-2025.02.14.05.21_amd64-2025-02-14T05:21:41Z.build,ros-one-kdl-parser_1.14.1-2-g093117a-2025.02.14.05.21_amd64.deb,ros-one-kdl-parser_1.14.1-2-g093117a-2025.02.14.05.21_amd64.files
kdl_parser_py,1.14.1-2-g093117a-2025.02.14.05.23,https://github.com/ros-o/kdl_parser/tree/obese-devel,success,kdl_parser_py_1.14.1-2-g093117a-2025.02.14.05.23-bloom_generate.log,ros-one-kdl-parser-py_1.14.1-2-g093117a-2025.02.14.05.23_amd64-2025-02-14T05:23:34Z.build,ros-one-kdl-parser-py_1.14.1-2-g093117a-2025.02.14.05.23_amd64.deb,ros-one-kdl-parser-py_1.14.1-2-g093117a-2025.02.14.05.23_amd64.files
key_teleop,0.5.0-2025.02.14.05.25,https://github.com/ros-teleop/teleop_tools/tree/noetic-devel,success,key_teleop_0.5.0-2025.02.14.05.25-bloom_generate.log,ros-one-key-teleop_0.5.0-2025.02.14.05.25_amd64-2025-02-14T05:25:08Z.build,ros-one-key-teleop_0.5.0-2025.02.14.05.25_amd64.deb,ros-one-key-teleop_0.5.0-2025.02.14.05.25_amd64.files
mouse_teleop,0.5.0-2025.02.14.05.26,https://github.com/ros-teleop/teleop_tools/tree/noetic-devel,success,mouse_teleop_0.5.0-2025.02.14.05.26-bloom_generate.log,ros-one-mouse-teleop_0.5.0-2025.02.14.05.26_amd64-2025-02-14T05:26:42Z.build,ros-one-mouse-teleop_0.5.0-2025.02.14.05.26_amd64.deb,ros-one-mouse-teleop_0.5.0-2025.02.14.05.26_amd64.files
pr2_common,1.13.1-2-g9a8e4fb-2025.02.14.05.28,https://github.com/pr2/pr2_common/tree/melodic-devel,success,pr2_common_1.13.1-2-g9a8e4fb-2025.02.14.05.28-bloom_generate.log,ros-one-pr2-common_1.13.1-2-g9a8e4fb-2025.02.14.05.28_amd64-2025-02-14T05:28:18Z.build,ros-one-pr2-common_1.13.1-2-g9a8e4fb-2025.02.14.05.28_amd64.deb,ros-one-pr2-common_1.13.1-2-g9a8e4fb-2025.02.14.05.28_amd64.files
pr2_dashboard_aggregator,1.13.1-2-g9a8e4fb-2025.02.14.05.29,https://github.com/pr2/pr2_common/tree/melodic-devel,success,pr2_dashboard_aggregator_1.13.1-2-g9a8e4fb-2025.02.14.05.29-bloom_generate.log,ros-one-pr2-dashboard-aggregator_1.13.1-2-g9a8e4fb-2025.02.14.05.29_amd64-2025-02-14T05:29:53Z.build,ros-one-pr2-dashboard-aggregator_1.13.1-2-g9a8e4fb-2025.02.14.05.29_amd64.deb,ros-one-pr2-dashboard-aggregator_1.13.1-2-g9a8e4fb-2025.02.14.05.29_amd64.files
pr2_description,1.13.1-2-g9a8e4fb-2025.02.14.05.31,https://github.com/pr2/pr2_common/tree/melodic-devel,success,pr2_description_1.13.1-2-g9a8e4fb-2025.02.14.05.31-bloom_generate.log,ros-one-pr2-description_1.13.1-2-g9a8e4fb-2025.02.14.05.31_amd64-2025-02-14T05:31:28Z.build,ros-one-pr2-description_1.13.1-2-g9a8e4fb-2025.02.14.05.31_amd64.deb,ros-one-pr2-description_1.13.1-2-g9a8e4fb-2025.02.14.05.31_amd64.files
pr2_machine,1.13.1-2-g9a8e4fb-2025.02.14.05.33,https://github.com/pr2/pr2_common/tree/melodic-devel,success,pr2_machine_1.13.1-2-g9a8e4fb-2025.02.14.05.33-bloom_generate.log,ros-one-pr2-machine_1.13.1-2-g9a8e4fb-2025.02.14.05.33_amd64-2025-02-14T05:33:19Z.build,ros-one-pr2-machine_1.13.1-2-g9a8e4fb-2025.02.14.05.33_amd64.deb,ros-one-pr2-machine_1.13.1-2-g9a8e4fb-2025.02.14.05.33_amd64.files
pr2_msgs,1.13.1-2-g9a8e4fb-2025.02.14.05.34,https://github.com/pr2/pr2_common/tree/melodic-devel,success,pr2_msgs_1.13.1-2-g9a8e4fb-2025.02.14.05.34-bloom_generate.log,ros-one-pr2-msgs_1.13.1-2-g9a8e4fb-2025.02.14.05.34_amd64-2025-02-14T05:34:56Z.build,ros-one-pr2-msgs_1.13.1-2-g9a8e4fb-2025.02.14.05.34_amd64.deb,ros-one-pr2-msgs_1.13.1-2-g9a8e4fb-2025.02.14.05.34_amd64.files
teleop_tools,0.5.0-2025.02.14.05.36,https://github.com/ros-teleop/teleop_tools/tree/noetic-devel,success,teleop_tools_0.5.0-2025.02.14.05.36-bloom_generate.log,ros-one-teleop-tools_0.5.0-2025.02.14.05.36_amd64-2025-02-14T05:36:41Z.build,ros-one-teleop-tools_0.5.0-2025.02.14.05.36_amd64.deb,ros-one-teleop-tools_0.5.0-2025.02.14.05.36_amd64.files
teleop_tools_msgs,0.5.0-2025.02.14.05.38,https://github.com/ros-teleop/teleop_tools/tree/noetic-devel,success,teleop_tools_msgs_0.5.0-2025.02.14.05.38-bloom_generate.log,ros-one-teleop-tools-msgs_0.5.0-2025.02.14.05.38_amd64-2025-02-14T05:38:17Z.build,ros-one-teleop-tools-msgs_0.5.0-2025.02.14.05.38_amd64.deb,ros-one-teleop-tools-msgs_0.5.0-2025.02.14.05.38_amd64.files
calibration,0-2025.02.14.05.20,https://github.com/ros-o/calibration/tree/obese-devel,success,calibration_0-2025.02.14.05.20-bloom_generate.log,ros-one-calibration_0-2025.02.14.05.20_amd64-2025-02-14T05:20:07Z.build,ros-one-calibration_0-2025.02.14.05.20_amd64.deb,ros-one-calibration_0-2025.02.14.05.20_amd64.files
calibration_launch,0-2025.02.14.05.21,https://github.com/ros-o/calibration/tree/obese-devel,success,calibration_launch_0-2025.02.14.05.21-bloom_generate.log,ros-one-calibration-launch_0-2025.02.14.05.21_amd64-2025-02-14T05:21:38Z.build,ros-one-calibration-launch_0-2025.02.14.05.21_amd64.deb,ros-one-calibration-launch_0-2025.02.14.05.21_amd64.files
calibration_msgs,0-2025.02.14.05.23,https://github.com/ros-o/calibration/tree/obese-devel,success,calibration_msgs_0-2025.02.14.05.23-bloom_generate.log,ros-one-calibration-msgs_0-2025.02.14.05.23_amd64-2025-02-14T05:23:12Z.build,ros-one-calibration-msgs_0-2025.02.14.05.23_amd64.deb,ros-one-calibration-msgs_0-2025.02.14.05.23_amd64.files
calibration_estimation,0-2025.02.14.05.24,https://github.com/ros-o/calibration/tree/obese-devel,success,calibration_estimation_0-2025.02.14.05.24-bloom_generate.log,ros-one-calibration-estimation_0-2025.02.14.05.24_amd64-2025-02-14T05:24:54Z.build,ros-one-calibration-estimation_0-2025.02.14.05.24_amd64.deb,ros-one-calibration-estimation_0-2025.02.14.05.24_amd64.files
calibration_setup_helper,0-2025.02.14.05.26,https://github.com/ros-o/calibration/tree/obese-devel,success,calibration_setup_helper_0-2025.02.14.05.26-bloom_generate.log,ros-one-calibration-setup-helper_0-2025.02.14.05.26_amd64-2025-02-14T05:26:32Z.build,ros-one-calibration-setup-helper_0-2025.02.14.05.26_amd64.deb,ros-one-calibration-setup-helper_0-2025.02.14.05.26_amd64.files
ddynamic_reconfigure,0.4.1-2-gd3e4c9f-2025.02.14.05.28,https://github.com/ros-o/ddynamic_reconfigure/tree/obese-devel,success,ddynamic_reconfigure_0.4.1-2-gd3e4c9f-2025.02.14.05.28-bloom_generate.log,ros-one-ddynamic-reconfigure_0.4.1-2-gd3e4c9f-2025.02.14.05.28_amd64-2025-02-14T05:28:07Z.build,ros-one-ddynamic-reconfigure_0.4.1-2-gd3e4c9f-2025.02.14.05.28_amd64.deb,ros-one-ddynamic-reconfigure_0.4.1-2-gd3e4c9f-2025.02.14.05.28_amd64.files
image_cb_detector,0-2025.02.14.05.30,https://github.com/ros-o/calibration/tree/obese-devel,success,image_cb_detector_0-2025.02.14.05.30-bloom_generate.log,ros-one-image-cb-detector_0-2025.02.14.05.30_amd64-2025-02-14T05:30:12Z.build,ros-one-image-cb-detector_0-2025.02.14.05.30_amd64.deb,ros-one-image-cb-detector_0-2025.02.14.05.30_amd64.files
interval_intersection,0-2025.02.14.05.33,https://github.com/ros-o/calibration/tree/obese-devel,success,interval_intersection_0-2025.02.14.05.33-bloom_generate.log,ros-one-interval-intersection_0-2025.02.14.05.33_amd64-2025-02-14T05:33:19Z.build,ros-one-interval-intersection_0-2025.02.14.05.33_amd64.deb,ros-one-interval-intersection_0-2025.02.14.05.33_amd64.files
settlerlib,0-2025.02.14.05.35,https://github.com/ros-o/calibration/tree/obese-devel,success,settlerlib_0-2025.02.14.05.35-bloom_generate.log,ros-one-settlerlib_0-2025.02.14.05.35_amd64-2025-02-14T05:35:41Z.build,ros-one-settlerlib_0-2025.02.14.05.35_amd64.deb,ros-one-settlerlib_0-2025.02.14.05.35_amd64.files
joint_states_settler,0-2025.02.14.05.37,https://github.com/ros-o/calibration/tree/obese-devel,success,joint_states_settler_0-2025.02.14.05.37-bloom_generate.log,ros-one-joint-states-settler_0-2025.02.14.05.37_amd64-2025-02-14T05:37:39Z.build,ros-one-joint-states-settler_0-2025.02.14.05.37_amd64.deb,ros-one-joint-states-settler_0-2025.02.14.05.37_amd64.files
laser_cb_detector,0-2025.02.14.05.39,https://github.com/ros-o/calibration/tree/obese-devel,success,laser_cb_detector_0-2025.02.14.05.39-bloom_generate.log,ros-one-laser-cb-detector_0-2025.02.14.05.39_amd64-2025-02-14T05:39:57Z.build,ros-one-laser-cb-detector_0-2025.02.14.05.39_amd64.deb,ros-one-laser-cb-detector_0-2025.02.14.05.39_amd64.files
monocam_settler,0-2025.02.14.05.42,https://github.com/ros-o/calibration/tree/obese-devel,success,monocam_settler_0-2025.02.14.05.42-bloom_generate.log,ros-one-monocam-settler_0-2025.02.14.05.42_amd64-2025-02-14T05:42:43Z.build,ros-one-monocam-settler_0-2025.02.14.05.42_amd64.deb,ros-one-monocam-settler_0-2025.02.14.05.42_amd64.files
compressed_depth_image_transport,1.15.0-9-gcae592c-2025.02.14.05.19,https://github.com/ros-perception/image_transport_plugins/tree/noetic-devel,success,compressed_depth_image_transport_1.15.0-9-gcae592c-2025.02.14.05.19-bloom_generate.log,ros-one-compressed-depth-image-transport_1.15.0-9-gcae592c-2025.02.14.05.19_amd64-2025-02-14T05:19:48Z.build,ros-one-compressed-depth-image-transport_1.15.0-9-gcae592c-2025.02.14.05.19_amd64.deb,ros-one-compressed-depth-image-transport_1.15.0-9-gcae592c-2025.02.14.05.19_amd64.files
compressed_image_transport,1.15.0-9-gcae592c-2025.02.14.05.22,https://github.com/ros-perception/image_transport_plugins/tree/noetic-devel,success,compressed_image_transport_1.15.0-9-gcae592c-2025.02.14.05.22-bloom_generate.log,ros-one-compressed-image-transport_1.15.0-9-gcae592c-2025.02.14.05.22_amd64-2025-02-14T05:22:19Z.build,ros-one-compressed-image-transport_1.15.0-9-gcae592c-2025.02.14.05.22_amd64.deb,ros-one-compressed-image-transport_1.15.0-9-gcae592c-2025.02.14.05.22_amd64.files
image_transport_plugins,1.15.0-9-gcae592c-2025.02.14.05.25,https://github.com/ros-perception/image_transport_plugins/tree/noetic-devel,success,image_transport_plugins_1.15.0-9-gcae592c-2025.02.14.05.25-bloom_generate.log,ros-one-image-transport-plugins_1.15.0-9-gcae592c-2025.02.14.05.25_amd64-2025-02-14T05:25:16Z.build,ros-one-image-transport-plugins_1.15.0-9-gcae592c-2025.02.14.05.25_amd64.deb,ros-one-image-transport-plugins_1.15.0-9-gcae592c-2025.02.14.05.25_amd64.files
nodelet,1.11.1-2025.02.14.05.26,https://github.com/ros/nodelet_core/tree/noetic-devel,success,nodelet_1.11.1-2025.02.14.05.26-bloom_generate.log,ros-one-nodelet_1.11.1-2025.02.14.05.26_amd64-2025-02-14T05:26:46Z.build,ros-one-nodelet_1.11.1-2025.02.14.05.26_amd64.deb,ros-one-nodelet_1.11.1-2025.02.14.05.26_amd64.files
nodelet_core,1.11.1-2025.02.14.05.28,https://github.com/ros/nodelet_core/tree/noetic-devel,success,nodelet_core_1.11.1-2025.02.14.05.28-bloom_generate.log,ros-one-nodelet-core_1.11.1-2025.02.14.05.28_amd64-2025-02-14T05:28:48Z.build,ros-one-nodelet-core_1.11.1-2025.02.14.05.28_amd64.deb,ros-one-nodelet-core_1.11.1-2025.02.14.05.28_amd64.files
nodelet_topic_tools,1.11.1-2025.02.14.05.30,https://github.com/ros/nodelet_core/tree/noetic-devel,success,nodelet_topic_tools_1.11.1-2025.02.14.05.30-bloom_generate.log,ros-one-nodelet-topic-tools_1.11.1-2025.02.14.05.30_amd64-2025-02-14T05:30:20Z.build,ros-one-nodelet-topic-tools_1.11.1-2025.02.14.05.30_amd64.deb,ros-one-nodelet-topic-tools_1.11.1-2025.02.14.05.30_amd64.files
open_karto,1.2.3-2-g922db50-2025.02.14.05.32,https://github.com/ros-perception/open_karto/tree/melodic-devel,success,open_karto_1.2.3-2-g922db50-2025.02.14.05.32-bloom_generate.log,ros-one-open-karto_1.2.3-2-g922db50-2025.02.14.05.32_amd64-2025-02-14T05:32:10Z.build,ros-one-open-karto_1.2.3-2-g922db50-2025.02.14.05.32_amd64.deb,ros-one-open-karto_1.2.3-2-g922db50-2025.02.14.05.32_amd64.files
py_binding_tools,1.0.0-7-g1ff1cbb-2025.02.14.05.34,https://github.com/moveit/py_binding_tools/tree/main,success,py_binding_tools_1.0.0-7-g1ff1cbb-2025.02.14.05.34-bloom_generate.log,ros-one-py-binding-tools_1.0.0-7-g1ff1cbb-2025.02.14.05.34_amd64-2025-02-14T05:34:20Z.build,ros-one-py-binding-tools_1.0.0-7-g1ff1cbb-2025.02.14.05.34_amd64.deb,ros-one-py-binding-tools_1.0.0-7-g1ff1cbb-2025.02.14.05.34_amd64.files
test_nodelet,1.11.1-2025.02.14.05.36,https://github.com/ros/nodelet_core/tree/noetic-devel,success,test_nodelet_1.11.1-2025.02.14.05.36-bloom_generate.log,ros-one-test-nodelet_1.11.1-2025.02.14.05.36_amd64-2025-02-14T05:36:19Z.build,ros-one-test-nodelet_1.11.1-2025.02.14.05.36_amd64.deb,ros-one-test-nodelet_1.11.1-2025.02.14.05.36_amd64.files
test_nodelet_topic_tools,1.11.1-2025.02.14.05.38,https://github.com/ros/nodelet_core/tree/noetic-devel,success,test_nodelet_topic_tools_1.11.1-2025.02.14.05.38-bloom_generate.log,ros-one-test-nodelet-topic-tools_1.11.1-2025.02.14.05.38_amd64-2025-02-14T05:38:05Z.build,ros-one-test-nodelet-topic-tools_1.11.1-2025.02.14.05.38_amd64.deb,ros-one-test-nodelet-topic-tools_1.11.1-2025.02.14.05.38_amd64.files
theora_image_transport,1.15.0-9-gcae592c-2025.02.14.05.39,https://github.com/ros-perception/image_transport_plugins/tree/noetic-devel,success,theora_image_transport_1.15.0-9-gcae592c-2025.02.14.05.39-bloom_generate.log,ros-one-theora-image-transport_1.15.0-9-gcae592c-2025.02.14.05.39_amd64-2025-02-14T05:39:57Z.build,ros-one-theora-image-transport_1.15.0-9-gcae592c-2025.02.14.05.39_amd64.deb,ros-one-theora-image-transport_1.15.0-9-gcae592c-2025.02.14.05.39_amd64.files
usb_cam,0.3.7-19-g1ce9e6c-2025.02.14.05.42,https://github.com/ros-drivers/usb_cam/tree/develop,success,usb_cam_0.3.7-19-g1ce9e6c-2025.02.14.05.42-bloom_generate.log,ros-one-usb-cam_0.3.7-19-g1ce9e6c-2025.02.14.05.42_amd64-2025-02-14T05:42:30Z.build,ros-one-usb-cam_0.3.7-19-g1ce9e6c-2025.02.14.05.42_amd64.deb,ros-one-usb-cam_0.3.7-19-g1ce9e6c-2025.02.14.05.42_amd64.files
app_manager,1.3.0-62-gc23f10a-2025.02.14.05.21,https://github.com/pr2/app_manager/tree/kinetic-devel,success,app_manager_1.3.0-62-gc23f10a-2025.02.14.05.21-bloom_generate.log,ros-one-app-manager_1.3.0-62-gc23f10a-2025.02.14.05.21_amd64-2025-02-14T05:21:03Z.build,ros-one-app-manager_1.3.0-62-gc23f10a-2025.02.14.05.21_amd64.deb,ros-one-app-manager_1.3.0-62-gc23f10a-2025.02.14.05.21_amd64.files
camera_info_manager_py,0-2025.02.14.05.22,https://github.com/ros-o/camera_info_manager_py/tree/obese-devel,success,camera_info_manager_py_0-2025.02.14.05.22-bloom_generate.log,ros-one-camera-info-manager-py_0-2025.02.14.05.22_amd64-2025-02-14T05:22:55Z.build,ros-one-camera-info-manager-py_0-2025.02.14.05.22_amd64.deb,ros-one-camera-info-manager-py_0-2025.02.14.05.22_amd64.files
criutils,0.1.4-2025.02.14.05.24,https://github.com/crigroup/criutils/tree/master,success,criutils_0.1.4-2025.02.14.05.24-bloom_generate.log,ros-one-criutils_0.1.4-2025.02.14.05.24_amd64-2025-02-14T05:24:58Z.build,ros-one-criutils_0.1.4-2025.02.14.05.24_amd64.deb,ros-one-criutils_0.1.4-2025.02.14.05.24_amd64.files
executive_smach,2.5.3-2025.02.14.05.26,https://github.com/ros/executive_smach/tree/noetic-devel,success,executive_smach_2.5.3-2025.02.14.05.26-bloom_generate.log,ros-one-executive-smach_2.5.3-2025.02.14.05.26_amd64-2025-02-14T05:26:42Z.build,ros-one-executive-smach_2.5.3-2025.02.14.05.26_amd64.deb,ros-one-executive-smach_2.5.3-2025.02.14.05.26_amd64.files
moveit_msgs,0.11.4-5-g851fe62-2025.02.14.05.28,https://github.com/moveit/moveit_msgs/tree/master,success,moveit_msgs_0.11.4-5-g851fe62-2025.02.14.05.28-bloom_generate.log,ros-one-moveit-msgs_0.11.4-5-g851fe62-2025.02.14.05.28_amd64-2025-02-14T05:28:15Z.build,ros-one-moveit-msgs_0.11.4-5-g851fe62-2025.02.14.05.28_amd64.deb,ros-one-moveit-msgs_0.11.4-5-g851fe62-2025.02.14.05.28_amd64.files
realtime_tools,1.15.1-3-ga5a5a5e-2025.02.14.05.30,https://github.com/ros-controls/realtime_tools/tree/melodic-devel,success,realtime_tools_1.15.1-3-ga5a5a5e-2025.02.14.05.30-bloom_generate.log,ros-one-realtime-tools_1.15.1-3-ga5a5a5e-2025.02.14.05.30_amd64-2025-02-14T05:30:30Z.build,ros-one-realtime-tools_1.15.1-3-ga5a5a5e-2025.02.14.05.30_amd64.deb,ros-one-realtime-tools_1.15.1-3-ga5a5a5e-2025.02.14.05.30_amd64.files
smach,2.5.3-2025.02.14.05.32,https://github.com/ros/executive_smach/tree/noetic-devel,success,smach_2.5.3-2025.02.14.05.32-bloom_generate.log,ros-one-smach_2.5.3-2025.02.14.05.32_amd64-2025-02-14T05:32:15Z.build,ros-one-smach_2.5.3-2025.02.14.05.32_amd64.deb,ros-one-smach_2.5.3-2025.02.14.05.32_amd64.files
smach_msgs,2.5.3-2025.02.14.05.33,https://github.com/ros/executive_smach/tree/noetic-devel,success,smach_msgs_2.5.3-2025.02.14.05.33-bloom_generate.log,ros-one-smach-msgs_2.5.3-2025.02.14.05.33_amd64-2025-02-14T05:33:48Z.build,ros-one-smach-msgs_2.5.3-2025.02.14.05.33_amd64.deb,ros-one-smach-msgs_2.5.3-2025.02.14.05.33_amd64.files
smach_ros,2.5.3-2025.02.14.05.35,https://github.com/ros/executive_smach/tree/noetic-devel,success,smach_ros_2.5.3-2025.02.14.05.35-bloom_generate.log,ros-one-smach-ros_2.5.3-2025.02.14.05.35_amd64-2025-02-14T05:35:27Z.build,ros-one-smach-ros_2.5.3-2025.02.14.05.35_amd64.deb,ros-one-smach-ros_2.5.3-2025.02.14.05.35_amd64.files
srdfdom,0.6.4-4-ge23af6e-2025.02.14.05.37,https://github.com/moveit/srdfdom/tree/noetic-devel,success,srdfdom_0.6.4-4-ge23af6e-2025.02.14.05.37-bloom_generate.log,ros-one-srdfdom_0.6.4-4-ge23af6e-2025.02.14.05.37_amd64-2025-02-14T05:37:14Z.build,ros-one-srdfdom_0.6.4-4-ge23af6e-2025.02.14.05.37_amd64.deb,ros-one-srdfdom_0.6.4-4-ge23af6e-2025.02.14.05.37_amd64.files
urdf_geometry_parser,0.1.0-6-g1d7317a-2025.02.14.05.39,https://github.com/ros-controls/urdf_geometry_parser/tree/kinetic-devel,success,urdf_geometry_parser_0.1.0-6-g1d7317a-2025.02.14.05.39-bloom_generate.log,ros-one-urdf-geometry-parser_0.1.0-6-g1d7317a-2025.02.14.05.39_amd64-2025-02-14T05:39:27Z.build,ros-one-urdf-geometry-parser_0.1.0-6-g1d7317a-2025.02.14.05.39_amd64.deb,ros-one-urdf-geometry-parser_0.1.0-6-g1d7317a-2025.02.14.05.39_amd64.files
eigen_conversions,1.13.2-10-g674e0c4-2025.02.14.05.47,https://github.com/ros-o/geometry/tree/obese-devel,success,eigen_conversions_1.13.2-10-g674e0c4-2025.02.14.05.47-bloom_generate.log,ros-one-eigen-conversions_1.13.2-10-g674e0c4-2025.02.14.05.47_amd64-2025-02-14T05:47:09Z.build,ros-one-eigen-conversions_1.13.2-10-g674e0c4-2025.02.14.05.47_amd64.deb,ros-one-eigen-conversions_1.13.2-10-g674e0c4-2025.02.14.05.47_amd64.files
geometry,1.13.2-10-g674e0c4-2025.02.14.05.49,https://github.com/ros-o/geometry/tree/obese-devel,success,geometry_1.13.2-10-g674e0c4-2025.02.14.05.49-bloom_generate.log,ros-one-geometry_1.13.2-10-g674e0c4-2025.02.14.05.49_amd64-2025-02-14T05:49:11Z.build,ros-one-geometry_1.13.2-10-g674e0c4-2025.02.14.05.49_amd64.deb,ros-one-geometry_1.13.2-10-g674e0c4-2025.02.14.05.49_amd64.files
kdl_conversions,1.13.2-10-g674e0c4-2025.02.14.05.51,https://github.com/ros-o/geometry/tree/obese-devel,success,kdl_conversions_1.13.2-10-g674e0c4-2025.02.14.05.51-bloom_generate.log,ros-one-kdl-conversions_1.13.2-10-g674e0c4-2025.02.14.05.51_amd64-2025-02-14T05:51:01Z.build,ros-one-kdl-conversions_1.13.2-10-g674e0c4-2025.02.14.05.51_amd64.deb,ros-one-kdl-conversions_1.13.2-10-g674e0c4-2025.02.14.05.51_amd64.files
tf,1.13.2-10-g674e0c4-2025.02.14.05.52,https://github.com/ros-o/geometry/tree/obese-devel,success,tf_1.13.2-10-g674e0c4-2025.02.14.05.52-bloom_generate.log,ros-one-tf_1.13.2-10-g674e0c4-2025.02.14.05.52_amd64-2025-02-14T05:53:00Z.build,ros-one-tf_1.13.2-10-g674e0c4-2025.02.14.05.52_amd64.deb,ros-one-tf_1.13.2-10-g674e0c4-2025.02.14.05.52_amd64.files
tf_conversions,1.13.2-10-g674e0c4-2025.02.14.05.55,https://github.com/ros-o/geometry/tree/obese-devel,success,tf_conversions_1.13.2-10-g674e0c4-2025.02.14.05.55-bloom_generate.log,ros-one-tf-conversions_1.13.2-10-g674e0c4-2025.02.14.05.55_amd64-2025-02-14T05:55:34Z.build,ros-one-tf-conversions_1.13.2-10-g674e0c4-2025.02.14.05.55_amd64.deb,ros-one-tf-conversions_1.13.2-10-g674e0c4-2025.02.14.05.55_amd64.files
rqt,0.5.2-8-gb606144-2025.02.14.05.47,https://github.com/ros-o/rqt/tree/obese-devel,success,rqt_0.5.2-8-gb606144-2025.02.14.05.47-bloom_generate.log,ros-one-rqt_0.5.2-8-gb606144-2025.02.14.05.47_amd64-2025-02-14T05:47:04Z.build,ros-one-rqt_0.5.2-8-gb606144-2025.02.14.05.47_amd64.deb,ros-one-rqt_0.5.2-8-gb606144-2025.02.14.05.47_amd64.files
rqt_gui,0.5.2-8-gb606144-2025.02.14.05.48,https://github.com/ros-o/rqt/tree/obese-devel,success,rqt_gui_0.5.2-8-gb606144-2025.02.14.05.48-bloom_generate.log,ros-one-rqt-gui_0.5.2-8-gb606144-2025.02.14.05.48_amd64-2025-02-14T05:48:56Z.build,ros-one-rqt-gui_0.5.2-8-gb606144-2025.02.14.05.48_amd64.deb,ros-one-rqt-gui_0.5.2-8-gb606144-2025.02.14.05.48_amd64.files
rqt_gui_cpp,0.5.2-8-gb606144-2025.02.14.05.51,https://github.com/ros-o/rqt/tree/obese-devel,success,rqt_gui_cpp_0.5.2-8-gb606144-2025.02.14.05.51-bloom_generate.log,ros-one-rqt-gui-cpp_0.5.2-8-gb606144-2025.02.14.05.51_amd64-2025-02-14T05:51:04Z.build,ros-one-rqt-gui-cpp_0.5.2-8-gb606144-2025.02.14.05.51_amd64.deb,ros-one-rqt-gui-cpp_0.5.2-8-gb606144-2025.02.14.05.51_amd64.files
rqt_gui_py,0.5.2-8-gb606144-2025.02.14.05.53,https://github.com/ros-o/rqt/tree/obese-devel,success,rqt_gui_py_0.5.2-8-gb606144-2025.02.14.05.53-bloom_generate.log,ros-one-rqt-gui-py_0.5.2-8-gb606144-2025.02.14.05.53_amd64-2025-02-14T05:53:38Z.build,ros-one-rqt-gui-py_0.5.2-8-gb606144-2025.02.14.05.53_amd64.deb,ros-one-rqt-gui-py_0.5.2-8-gb606144-2025.02.14.05.53_amd64.files
rqt_py_common,0.5.2-8-gb606144-2025.02.14.05.55,https://github.com/ros-o/rqt/tree/obese-devel,success,rqt_py_common_0.5.2-8-gb606144-2025.02.14.05.55-bloom_generate.log,ros-one-rqt-py-common_0.5.2-8-gb606144-2025.02.14.05.55_amd64-2025-02-14T05:55:55Z.build,ros-one-rqt-py-common_0.5.2-8-gb606144-2025.02.14.05.55_amd64.deb,ros-one-rqt-py-common_0.5.2-8-gb606144-2025.02.14.05.55_amd64.files
actionlib_tutorials,0-2025.02.14.05.47,https://github.com/ros-o/common_tutorials/tree/obese-devel,success,actionlib_tutorials_0-2025.02.14.05.47-bloom_generate.log,ros-one-actionlib-tutorials_0-2025.02.14.05.47_amd64-2025-02-14T05:47:31Z.build,ros-one-actionlib-tutorials_0-2025.02.14.05.47_amd64.deb,ros-one-actionlib-tutorials_0-2025.02.14.05.47_amd64.files
common_tutorials,0-2025.02.14.05.50,https://github.com/ros-o/common_tutorials/tree/obese-devel,success,common_tutorials_0-2025.02.14.05.50-bloom_generate.log,ros-one-common-tutorials_0-2025.02.14.05.50_amd64-2025-02-14T05:50:21Z.build,ros-one-common-tutorials_0-2025.02.14.05.50_amd64.deb,ros-one-common-tutorials_0-2025.02.14.05.50_amd64.files
nodelet_tutorial_math,0-2025.02.14.05.52,https://github.com/ros-o/common_tutorials/tree/obese-devel,success,nodelet_tutorial_math_0-2025.02.14.05.52-bloom_generate.log,ros-one-nodelet-tutorial-math_0-2025.02.14.05.52_amd64-2025-02-14T05:52:17Z.build,ros-one-nodelet-tutorial-math_0-2025.02.14.05.52_amd64.deb,ros-one-nodelet-tutorial-math_0-2025.02.14.05.52_amd64.files
pluginlib_tutorials,0-2025.02.14.05.54,https://github.com/ros-o/common_tutorials/tree/obese-devel,success,pluginlib_tutorials_0-2025.02.14.05.54-bloom_generate.log,ros-one-pluginlib-tutorials_0-2025.02.14.05.54_amd64-2025-02-14T05:54:36Z.build,ros-one-pluginlib-tutorials_0-2025.02.14.05.54_amd64.deb,ros-one-pluginlib-tutorials_0-2025.02.14.05.54_amd64.files
turtle_actionlib,0-2025.02.14.05.56,https://github.com/ros-o/common_tutorials/tree/obese-devel,success,turtle_actionlib_0-2025.02.14.05.56-bloom_generate.log,ros-one-turtle-actionlib_0-2025.02.14.05.56_amd64-2025-02-14T05:56:55Z.build,ros-one-turtle-actionlib_0-2025.02.14.05.56_amd64.deb,ros-one-turtle-actionlib_0-2025.02.14.05.56_amd64.files
rosapi,0.11.17-2-gb73100c-2025.02.14.05.47,https://github.com/RobotWebTools/rosbridge_suite/tree/ros1,success,rosapi_0.11.17-2-gb73100c-2025.02.14.05.47-bloom_generate.log,ros-one-rosapi_0.11.17-2-gb73100c-2025.02.14.05.47_amd64-2025-02-14T05:47:12Z.build,ros-one-rosapi_0.11.17-2-gb73100c-2025.02.14.05.47_amd64.deb,ros-one-rosapi_0.11.17-2-gb73100c-2025.02.14.05.47_amd64.files
rosbridge_library,0.11.17-2-gb73100c-2025.02.14.05.49,https://github.com/RobotWebTools/rosbridge_suite/tree/ros1,success,rosbridge_library_0.11.17-2-gb73100c-2025.02.14.05.49-bloom_generate.log,ros-one-rosbridge-library_0.11.17-2-gb73100c-2025.02.14.05.49_amd64-2025-02-14T05:49:11Z.build,ros-one-rosbridge-library_0.11.17-2-gb73100c-2025.02.14.05.49_amd64.deb,ros-one-rosbridge-library_0.11.17-2-gb73100c-2025.02.14.05.49_amd64.files
rosbridge_msgs,0.11.17-2-gb73100c-2025.02.14.05.51,https://github.com/RobotWebTools/rosbridge_suite/tree/ros1,success,rosbridge_msgs_0.11.17-2-gb73100c-2025.02.14.05.51-bloom_generate.log,ros-one-rosbridge-msgs_0.11.17-2-gb73100c-2025.02.14.05.51_amd64-2025-02-14T05:51:16Z.build,ros-one-rosbridge-msgs_0.11.17-2-gb73100c-2025.02.14.05.51_amd64.deb,ros-one-rosbridge-msgs_0.11.17-2-gb73100c-2025.02.14.05.51_amd64.files
rosbridge_server,0.11.17-2-gb73100c-2025.02.14.05.53,https://github.com/RobotWebTools/rosbridge_suite/tree/ros1,success,rosbridge_server_0.11.17-2-gb73100c-2025.02.14.05.53-bloom_generate.log,ros-one-rosbridge-server_0.11.17-2-gb73100c-2025.02.14.05.53_amd64-2025-02-14T05:53:13Z.build,ros-one-rosbridge-server_0.11.17-2-gb73100c-2025.02.14.05.53_amd64.deb,ros-one-rosbridge-server_0.11.17-2-gb73100c-2025.02.14.05.53_amd64.files
rosbridge_suite,0.11.17-2-gb73100c-2025.02.14.05.55,https://github.com/RobotWebTools/rosbridge_suite/tree/ros1,success,rosbridge_suite_0.11.17-2-gb73100c-2025.02.14.05.55-bloom_generate.log,ros-one-rosbridge-suite_0.11.17-2-gb73100c-2025.02.14.05.55_amd64-2025-02-14T05:55:05Z.build,ros-one-rosbridge-suite_0.11.17-2-gb73100c-2025.02.14.05.55_amd64.deb,ros-one-rosbridge-suite_0.11.17-2-gb73100c-2025.02.14.05.55_amd64.files
control_toolbox,1.18.2-9-g59b3859-2025.02.14.05.47,https://github.com/ros-o/control_toolbox/tree/obese-devel,success,control_toolbox_1.18.2-9-g59b3859-2025.02.14.05.47-bloom_generate.log,ros-one-control-toolbox_1.18.2-9-g59b3859-2025.02.14.05.47_amd64-2025-02-14T05:47:04Z.build,ros-one-control-toolbox_1.18.2-9-g59b3859-2025.02.14.05.47_amd64.deb,ros-one-control-toolbox_1.18.2-9-g59b3859-2025.02.14.05.47_amd64.files
executive_smach_visualization,4.1.0-15-g1632d0f-2025.02.14.05.49,https://github.com/ros-visualization/executive_smach_visualization/tree/melodic-devel,success,executive_smach_visualization_4.1.0-15-g1632d0f-2025.02.14.05.49-bloom_generate.log,ros-one-executive-smach-visualization_4.1.0-15-g1632d0f-2025.02.14.05.49_amd64-2025-02-14T05:49:19Z.build,ros-one-executive-smach-visualization_4.1.0-15-g1632d0f-2025.02.14.05.49_amd64.deb,ros-one-executive-smach-visualization_4.1.0-15-g1632d0f-2025.02.14.05.49_amd64.files
libuvc_camera,0-2025.02.14.05.51,https://github.com/ros-o/libuvc_ros/tree/obese-devel,success,libuvc_camera_0-2025.02.14.05.51-bloom_generate.log,ros-one-libuvc-camera_0-2025.02.14.05.51_amd64-2025-02-14T05:51:06Z.build,ros-one-libuvc-camera_0-2025.02.14.05.51_amd64.deb,ros-one-libuvc-camera_0-2025.02.14.05.51_amd64.files
libuvc_ros,0-2025.02.14.05.53,https://github.com/ros-o/libuvc_ros/tree/obese-devel,success,libuvc_ros_0-2025.02.14.05.53-bloom_generate.log,ros-one-libuvc-ros_0-2025.02.14.05.53_amd64-2025-02-14T05:53:34Z.build,ros-one-libuvc-ros_0-2025.02.14.05.53_amd64.deb,ros-one-libuvc-ros_0-2025.02.14.05.53_amd64.files
smach_viewer,4.1.0-15-g1632d0f-2025.02.14.05.55,https://github.com/ros-visualization/executive_smach_visualization/tree/melodic-devel,failed-sbuild,smach_viewer_4.1.0-15-g1632d0f-2025.02.14.05.55-bloom_generate.log,ros-one-smach-viewer_4.1.0-15-g1632d0f-2025.02.14.05.55_amd64-2025-02-14T05:55:25Z.build,,
handeye,0.1.2-2025.02.14.05.47,https://github.com/crigroup/handeye/tree/master,success,handeye_0.1.2-2025.02.14.05.47-bloom_generate.log,ros-one-handeye_0.1.2-2025.02.14.05.47_amd64-2025-02-14T05:47:09Z.build,ros-one-handeye_0.1.2-2025.02.14.05.47_amd64.deb,ros-one-handeye_0.1.2-2025.02.14.05.47_amd64.files
interactive_markers,1.12.0-1-g22f95a6-2025.02.14.05.49,https://github.com/ros-o/interactive_markers/tree/obese-devel,success,interactive_markers_1.12.0-1-g22f95a6-2025.02.14.05.49-bloom_generate.log,ros-one-interactive-markers_1.12.0-1-g22f95a6-2025.02.14.05.49_amd64-2025-02-14T05:49:07Z.build,ros-one-interactive-markers_1.12.0-1-g22f95a6-2025.02.14.05.49_amd64.deb,ros-one-interactive-markers_1.12.0-1-g22f95a6-2025.02.14.05.49_amd64.files
laser_proc,0.1.6-2-ge2bb8ce-2025.02.14.05.51,https://github.com/ros-perception/laser_proc/tree/noetic-devel,success,laser_proc_0.1.6-2-ge2bb8ce-2025.02.14.05.51-bloom_generate.log,ros-one-laser-proc_0.1.6-2-ge2bb8ce-2025.02.14.05.51_amd64-2025-02-14T05:51:29Z.build,ros-one-laser-proc_0.1.6-2-ge2bb8ce-2025.02.14.05.51_amd64.deb,ros-one-laser-proc_0.1.6-2-ge2bb8ce-2025.02.14.05.51_amd64.files
plotjuggler_ros,2.1.1-3-gd0692ad-2025.02.14.05.53,https://github.com/PlotJuggler/plotjuggler-ros-plugins/tree/main,success,plotjuggler_ros_2.1.1-3-gd0692ad-2025.02.14.05.53-bloom_generate.log,ros-one-plotjuggler-ros_2.1.1-3-gd0692ad-2025.02.14.05.53_amd64-2025-02-14T05:53:49Z.build,ros-one-plotjuggler-ros_2.1.1-3-gd0692ad-2025.02.14.05.53_amd64.deb,ros-one-plotjuggler-ros_2.1.1-3-gd0692ad-2025.02.14.05.53_amd64.files
controller_manager_msgs,0.20.0-1-g633c374-2025.02.14.06.01,https://github.com/ros-controls/ros_control/tree/noetic-devel,success,controller_manager_msgs_0.20.0-1-g633c374-2025.02.14.06.01-bloom_generate.log,ros-one-controller-manager-msgs_0.20.0-1-g633c374-2025.02.14.06.01_amd64-2025-02-14T06:01:57Z.build,ros-one-controller-manager-msgs_0.20.0-1-g633c374-2025.02.14.06.01_amd64.deb,ros-one-controller-manager-msgs_0.20.0-1-g633c374-2025.02.14.06.01_amd64.files
hardware_interface,0.20.0-1-g633c374-2025.02.14.06.04,https://github.com/ros-controls/ros_control/tree/noetic-devel,success,hardware_interface_0.20.0-1-g633c374-2025.02.14.06.04-bloom_generate.log,ros-one-hardware-interface_0.20.0-1-g633c374-2025.02.14.06.04_amd64-2025-02-14T06:04:05Z.build,ros-one-hardware-interface_0.20.0-1-g633c374-2025.02.14.06.04_amd64.deb,ros-one-hardware-interface_0.20.0-1-g633c374-2025.02.14.06.04_amd64.files
combined_robot_hw,0.20.0-1-g633c374-2025.02.14.06.06,https://github.com/ros-controls/ros_control/tree/noetic-devel,success,combined_robot_hw_0.20.0-1-g633c374-2025.02.14.06.06-bloom_generate.log,ros-one-combined-robot-hw_0.20.0-1-g633c374-2025.02.14.06.06_amd64-2025-02-14T06:06:11Z.build,ros-one-combined-robot-hw_0.20.0-1-g633c374-2025.02.14.06.06_amd64.deb,ros-one-combined-robot-hw_0.20.0-1-g633c374-2025.02.14.06.06_amd64.files
controller_interface,0.20.0-1-g633c374-2025.02.14.06.08,https://github.com/ros-controls/ros_control/tree/noetic-devel,success,controller_interface_0.20.0-1-g633c374-2025.02.14.06.08-bloom_generate.log,ros-one-controller-interface_0.20.0-1-g633c374-2025.02.14.06.08_amd64-2025-02-14T06:08:31Z.build,ros-one-controller-interface_0.20.0-1-g633c374-2025.02.14.06.08_amd64.deb,ros-one-controller-interface_0.20.0-1-g633c374-2025.02.14.06.08_amd64.files
controller_manager,0.20.0-1-g633c374-2025.02.14.06.10,https://github.com/ros-controls/ros_control/tree/noetic-devel,success,controller_manager_0.20.0-1-g633c374-2025.02.14.06.10-bloom_generate.log,ros-one-controller-manager_0.20.0-1-g633c374-2025.02.14.06.10_amd64-2025-02-14T06:10:37Z.build,ros-one-controller-manager_0.20.0-1-g633c374-2025.02.14.06.10_amd64.deb,ros-one-controller-manager_0.20.0-1-g633c374-2025.02.14.06.10_amd64.files
controller_manager_tests,0.20.0-1-g633c374-2025.02.14.06.13,https://github.com/ros-controls/ros_control/tree/noetic-devel,success,controller_manager_tests_0.20.0-1-g633c374-2025.02.14.06.13-bloom_generate.log,ros-one-controller-manager-tests_0.20.0-1-g633c374-2025.02.14.06.13_amd64-2025-02-14T06:13:06Z.build,ros-one-controller-manager-tests_0.20.0-1-g633c374-2025.02.14.06.13_amd64.deb,ros-one-controller-manager-tests_0.20.0-1-g633c374-2025.02.14.06.13_amd64.files
combined_robot_hw_tests,0.20.0-1-g633c374-2025.02.14.06.15,https://github.com/ros-controls/ros_control/tree/noetic-devel,success,combined_robot_hw_tests_0.20.0-1-g633c374-2025.02.14.06.15-bloom_generate.log,ros-one-combined-robot-hw-tests_0.20.0-1-g633c374-2025.02.14.06.15_amd64-2025-02-14T06:15:21Z.build,ros-one-combined-robot-hw-tests_0.20.0-1-g633c374-2025.02.14.06.15_amd64.deb,ros-one-combined-robot-hw-tests_0.20.0-1-g633c374-2025.02.14.06.15_amd64.files
joint_limits_interface,0.20.0-1-g633c374-2025.02.14.06.17,https://github.com/ros-controls/ros_control/tree/noetic-devel,success,joint_limits_interface_0.20.0-1-g633c374-2025.02.14.06.17-bloom_generate.log,ros-one-joint-limits-interface_0.20.0-1-g633c374-2025.02.14.06.17_amd64-2025-02-14T06:17:38Z.build,ros-one-joint-limits-interface_0.20.0-1-g633c374-2025.02.14.06.17_amd64.deb,ros-one-joint-limits-interface_0.20.0-1-g633c374-2025.02.14.06.17_amd64.files
ros_control,0.20.0-1-g633c374-2025.02.14.06.19,https://github.com/ros-controls/ros_control/tree/noetic-devel,success,ros_control_0.20.0-1-g633c374-2025.02.14.06.19-bloom_generate.log,ros-one-ros-control_0.20.0-1-g633c374-2025.02.14.06.19_amd64-2025-02-14T06:19:49Z.build,ros-one-ros-control_0.20.0-1-g633c374-2025.02.14.06.19_amd64.deb,ros-one-ros-control_0.20.0-1-g633c374-2025.02.14.06.19_amd64.files
rqt_controller_manager,0.20.0-1-g633c374-2025.02.14.06.21,https://github.com/ros-controls/ros_control/tree/noetic-devel,success,rqt_controller_manager_0.20.0-1-g633c374-2025.02.14.06.21-bloom_generate.log,ros-one-rqt-controller-manager_0.20.0-1-g633c374-2025.02.14.06.21_amd64-2025-02-14T06:21:51Z.build,ros-one-rqt-controller-manager_0.20.0-1-g633c374-2025.02.14.06.21_amd64.deb,ros-one-rqt-controller-manager_0.20.0-1-g633c374-2025.02.14.06.21_amd64.files
transmission_interface,0.20.0-1-g633c374-2025.02.14.06.23,https://github.com/ros-controls/ros_control/tree/noetic-devel,success,transmission_interface_0.20.0-1-g633c374-2025.02.14.06.23-bloom_generate.log,ros-one-transmission-interface_0.20.0-1-g633c374-2025.02.14.06.23_amd64-2025-02-14T06:23:53Z.build,ros-one-transmission-interface_0.20.0-1-g633c374-2025.02.14.06.23_amd64.deb,ros-one-transmission-interface_0.20.0-1-g633c374-2025.02.14.06.23_amd64.files
camera_calibration,1.17.0-11-g69488e6-2025.02.14.06.01,https://github.com/ros-perception/image_pipeline/tree/noetic,success,camera_calibration_1.17.0-11-g69488e6-2025.02.14.06.01-bloom_generate.log,ros-one-camera-calibration_1.17.0-11-g69488e6-2025.02.14.06.01_amd64-2025-02-14T06:01:56Z.build,ros-one-camera-calibration_1.17.0-11-g69488e6-2025.02.14.06.01_amd64.deb,ros-one-camera-calibration_1.17.0-11-g69488e6-2025.02.14.06.01_amd64.files
depth_image_proc,1.17.0-11-g69488e6-2025.02.14.06.03,https://github.com/ros-perception/image_pipeline/tree/noetic,success,depth_image_proc_1.17.0-11-g69488e6-2025.02.14.06.03-bloom_generate.log,ros-one-depth-image-proc_1.17.0-11-g69488e6-2025.02.14.06.03_amd64-2025-02-14T06:03:58Z.build,ros-one-depth-image-proc_1.17.0-11-g69488e6-2025.02.14.06.03_amd64.deb,ros-one-depth-image-proc_1.17.0-11-g69488e6-2025.02.14.06.03_amd64.files
image_pipeline,1.17.0-11-g69488e6-2025.02.14.06.07,https://github.com/ros-perception/image_pipeline/tree/noetic,success,image_pipeline_1.17.0-11-g69488e6-2025.02.14.06.07-bloom_generate.log,ros-one-image-pipeline_1.17.0-11-g69488e6-2025.02.14.06.07_amd64-2025-02-14T06:07:34Z.build,ros-one-image-pipeline_1.17.0-11-g69488e6-2025.02.14.06.07_amd64.deb,ros-one-image-pipeline_1.17.0-11-g69488e6-2025.02.14.06.07_amd64.files
image_proc,1.17.0-11-g69488e6-2025.02.14.06.09,https://github.com/ros-perception/image_pipeline/tree/noetic,success,image_proc_1.17.0-11-g69488e6-2025.02.14.06.09-bloom_generate.log,ros-one-image-proc_1.17.0-11-g69488e6-2025.02.14.06.09_amd64-2025-02-14T06:09:33Z.build,ros-one-image-proc_1.17.0-11-g69488e6-2025.02.14.06.09_amd64.deb,ros-one-image-proc_1.17.0-11-g69488e6-2025.02.14.06.09_amd64.files
image_publisher,1.17.0-11-g69488e6-2025.02.14.06.12,https://github.com/ros-perception/image_pipeline/tree/noetic,success,image_publisher_1.17.0-11-g69488e6-2025.02.14.06.12-bloom_generate.log,ros-one-image-publisher_1.17.0-11-g69488e6-2025.02.14.06.12_amd64-2025-02-14T06:12:53Z.build,ros-one-image-publisher_1.17.0-11-g69488e6-2025.02.14.06.12_amd64.deb,ros-one-image-publisher_1.17.0-11-g69488e6-2025.02.14.06.12_amd64.files
image_rotate,1.17.0-11-g69488e6-2025.02.14.06.15,https://github.com/ros-perception/image_pipeline/tree/noetic,success,image_rotate_1.17.0-11-g69488e6-2025.02.14.06.15-bloom_generate.log,ros-one-image-rotate_1.17.0-11-g69488e6-2025.02.14.06.15_amd64-2025-02-14T06:15:48Z.build,ros-one-image-rotate_1.17.0-11-g69488e6-2025.02.14.06.15_amd64.deb,ros-one-image-rotate_1.17.0-11-g69488e6-2025.02.14.06.15_amd64.files
image_view,1.17.0-11-g69488e6-2025.02.14.06.18,https://github.com/ros-perception/image_pipeline/tree/noetic,success,image_view_1.17.0-11-g69488e6-2025.02.14.06.18-bloom_generate.log,ros-one-image-view_1.17.0-11-g69488e6-2025.02.14.06.18_amd64-2025-02-14T06:18:56Z.build,ros-one-image-view_1.17.0-11-g69488e6-2025.02.14.06.18_amd64.deb,ros-one-image-view_1.17.0-11-g69488e6-2025.02.14.06.18_amd64.files
mongodb_store_msgs,0-2025.02.14.06.22,https://github.com/ros-o/mongodb_store/tree/obese-devel,success,mongodb_store_msgs_0-2025.02.14.06.22-bloom_generate.log,ros-one-mongodb-store-msgs_0-2025.02.14.06.22_amd64-2025-02-14T06:22:22Z.build,ros-one-mongodb-store-msgs_0-2025.02.14.06.22_amd64.deb,ros-one-mongodb-store-msgs_0-2025.02.14.06.22_amd64.files
mongodb_store,0-2025.02.14.06.24,https://github.com/ros-o/mongodb_store/tree/obese-devel,success,mongodb_store_0-2025.02.14.06.24-bloom_generate.log,ros-one-mongodb-store_0-2025.02.14.06.24_amd64-2025-02-14T06:24:41Z.build,ros-one-mongodb-store_0-2025.02.14.06.24_amd64.deb,ros-one-mongodb-store_0-2025.02.14.06.24_amd64.files
mongodb_log,0-2025.02.14.06.27,https://github.com/ros-o/mongodb_store/tree/obese-devel,success,mongodb_log_0-2025.02.14.06.27-bloom_generate.log,ros-one-mongodb-log_0-2025.02.14.06.27_amd64-2025-02-14T06:27:10Z.build,ros-one-mongodb-log_0-2025.02.14.06.27_amd64.deb,ros-one-mongodb-log_0-2025.02.14.06.27_amd64.files
stereo_image_proc,1.17.0-11-g69488e6-2025.02.14.06.29,https://github.com/ros-perception/image_pipeline/tree/noetic,success,stereo_image_proc_1.17.0-11-g69488e6-2025.02.14.06.29-bloom_generate.log,ros-one-stereo-image-proc_1.17.0-11-g69488e6-2025.02.14.06.29_amd64-2025-02-14T06:29:42Z.build,ros-one-stereo-image-proc_1.17.0-11-g69488e6-2025.02.14.06.29_amd64.deb,ros-one-stereo-image-proc_1.17.0-11-g69488e6-2025.02.14.06.29_amd64.files
diagnostic_aggregator,1.11.0-7-gda86650-2025.02.14.06.01,https://github.com/ros-o/diagnostics/tree/obese-devel,success,diagnostic_aggregator_1.11.0-7-gda86650-2025.02.14.06.01-bloom_generate.log,ros-one-diagnostic-aggregator_1.11.0-7-gda86650-2025.02.14.06.01_amd64-2025-02-14T06:01:57Z.build,ros-one-diagnostic-aggregator_1.11.0-7-gda86650-2025.02.14.06.01_amd64.deb,ros-one-diagnostic-aggregator_1.11.0-7-gda86650-2025.02.14.06.01_amd64.files
diagnostic_analysis,1.11.0-7-gda86650-2025.02.14.06.04,https://github.com/ros-o/diagnostics/tree/obese-devel,success,diagnostic_analysis_1.11.0-7-gda86650-2025.02.14.06.04-bloom_generate.log,ros-one-diagnostic-analysis_1.11.0-7-gda86650-2025.02.14.06.04_amd64-2025-02-14T06:04:38Z.build,ros-one-diagnostic-analysis_1.11.0-7-gda86650-2025.02.14.06.04_amd64.deb,ros-one-diagnostic-analysis_1.11.0-7-gda86650-2025.02.14.06.04_amd64.files
diagnostic_updater,1.11.0-7-gda86650-2025.02.14.06.06,https://github.com/ros-o/diagnostics/tree/obese-devel,success,diagnostic_updater_1.11.0-7-gda86650-2025.02.14.06.06-bloom_generate.log,ros-one-diagnostic-updater_1.11.0-7-gda86650-2025.02.14.06.06_amd64-2025-02-14T06:06:56Z.build,ros-one-diagnostic-updater_1.11.0-7-gda86650-2025.02.14.06.06_amd64.deb,ros-one-diagnostic-updater_1.11.0-7-gda86650-2025.02.14.06.06_amd64.files
diagnostic_common_diagnostics,1.11.0-7-gda86650-2025.02.14.06.09,https://github.com/ros-o/diagnostics/tree/obese-devel,success,diagnostic_common_diagnostics_1.11.0-7-gda86650-2025.02.14.06.09-bloom_generate.log,ros-one-diagnostic-common-diagnostics_1.11.0-7-gda86650-2025.02.14.06.09_amd64-2025-02-14T06:09:15Z.build,ros-one-diagnostic-common-diagnostics_1.11.0-7-gda86650-2025.02.14.06.09_amd64.deb,ros-one-diagnostic-common-diagnostics_1.11.0-7-gda86650-2025.02.14.06.09_amd64.files
diagnostics,1.11.0-7-gda86650-2025.02.14.06.11,https://github.com/ros-o/diagnostics/tree/obese-devel,success,diagnostics_1.11.0-7-gda86650-2025.02.14.06.11-bloom_generate.log,ros-one-diagnostics_1.11.0-7-gda86650-2025.02.14.06.11_amd64-2025-02-14T06:11:28Z.build,ros-one-diagnostics_1.11.0-7-gda86650-2025.02.14.06.11_amd64.deb,ros-one-diagnostics_1.11.0-7-gda86650-2025.02.14.06.11_amd64.files
geometry_tutorials,0.2.3-1-g1d1d36a-2025.02.14.06.13,https://github.com/ros/geometry_tutorials/tree/noetic-devel,success,geometry_tutorials_0.2.3-1-g1d1d36a-2025.02.14.06.13-bloom_generate.log,ros-one-geometry-tutorials_0.2.3-1-g1d1d36a-2025.02.14.06.13_amd64-2025-02-14T06:13:27Z.build,ros-one-geometry-tutorials_0.2.3-1-g1d1d36a-2025.02.14.06.13_amd64.deb,ros-one-geometry-tutorials_0.2.3-1-g1d1d36a-2025.02.14.06.13_amd64.files
rosdiagnostic,1.11.0-7-gda86650-2025.02.14.06.15,https://github.com/ros-o/diagnostics/tree/obese-devel,success,rosdiagnostic_1.11.0-7-gda86650-2025.02.14.06.15-bloom_generate.log,ros-one-rosdiagnostic_1.11.0-7-gda86650-2025.02.14.06.15_amd64-2025-02-14T06:15:26Z.build,ros-one-rosdiagnostic_1.11.0-7-gda86650-2025.02.14.06.15_amd64.deb,ros-one-rosdiagnostic_1.11.0-7-gda86650-2025.02.14.06.15_amd64.files
self_test,1.11.0-7-gda86650-2025.02.14.06.17,https://github.com/ros-o/diagnostics/tree/obese-devel,success,self_test_1.11.0-7-gda86650-2025.02.14.06.17-bloom_generate.log,ros-one-self-test_1.11.0-7-gda86650-2025.02.14.06.17_amd64-2025-02-14T06:17:25Z.build,ros-one-self-test_1.11.0-7-gda86650-2025.02.14.06.17_amd64.deb,ros-one-self-test_1.11.0-7-gda86650-2025.02.14.06.17_amd64.files
test_diagnostic_aggregator,1.11.0-7-gda86650-2025.02.14.06.19,https://github.com/ros-o/diagnostics/tree/obese-devel,success,test_diagnostic_aggregator_1.11.0-7-gda86650-2025.02.14.06.19-bloom_generate.log,ros-one-test-diagnostic-aggregator_1.11.0-7-gda86650-2025.02.14.06.19_amd64-2025-02-14T06:19:47Z.build,ros-one-test-diagnostic-aggregator_1.11.0-7-gda86650-2025.02.14.06.19_amd64.deb,ros-one-test-diagnostic-aggregator_1.11.0-7-gda86650-2025.02.14.06.19_amd64.files
turtle_tf,0.2.3-1-g1d1d36a-2025.02.14.06.22,https://github.com/ros/geometry_tutorials/tree/noetic-devel,success,turtle_tf_0.2.3-1-g1d1d36a-2025.02.14.06.22-bloom_generate.log,ros-one-turtle-tf_0.2.3-1-g1d1d36a-2025.02.14.06.22_amd64-2025-02-14T06:22:03Z.build,ros-one-turtle-tf_0.2.3-1-g1d1d36a-2025.02.14.06.22_amd64.deb,ros-one-turtle-tf_0.2.3-1-g1d1d36a-2025.02.14.06.22_amd64.files
turtle_tf2,0.2.3-1-g1d1d36a-2025.02.14.06.24,https://github.com/ros/geometry_tutorials/tree/noetic-devel,success,turtle_tf2_0.2.3-1-g1d1d36a-2025.02.14.06.24-bloom_generate.log,ros-one-turtle-tf2_0.2.3-1-g1d1d36a-2025.02.14.06.24_amd64-2025-02-14T06:24:46Z.build,ros-one-turtle-tf2_0.2.3-1-g1d1d36a-2025.02.14.06.24_amd64.deb,ros-one-turtle-tf2_0.2.3-1-g1d1d36a-2025.02.14.06.24_amd64.files
axis_camera,0.5.4-1-g340c307-2025.02.14.06.02,https://github.com/ros-drivers/axis_camera/tree/noetic-devel,success,axis_camera_0.5.4-1-g340c307-2025.02.14.06.02-bloom_generate.log,ros-one-axis-camera_0.5.4-1-g340c307-2025.02.14.06.02_amd64-2025-02-14T06:02:15Z.build,ros-one-axis-camera_0.5.4-1-g340c307-2025.02.14.06.02_amd64.deb,ros-one-axis-camera_0.5.4-1-g340c307-2025.02.14.06.02_amd64.files
axis_description,0.5.4-1-g340c307-2025.02.14.06.04,https://github.com/ros-drivers/axis_camera/tree/noetic-devel,success,axis_description_0.5.4-1-g340c307-2025.02.14.06.04-bloom_generate.log,ros-one-axis-description_0.5.4-1-g340c307-2025.02.14.06.04_amd64-2025-02-14T06:04:39Z.build,ros-one-axis-description_0.5.4-1-g340c307-2025.02.14.06.04_amd64.deb,ros-one-axis-description_0.5.4-1-g340c307-2025.02.14.06.04_amd64.files
axis_msgs,0.5.4-1-g340c307-2025.02.14.06.06,https://github.com/ros-drivers/axis_camera/tree/noetic-devel,success,axis_msgs_0.5.4-1-g340c307-2025.02.14.06.06-bloom_generate.log,ros-one-axis-msgs_0.5.4-1-g340c307-2025.02.14.06.06_amd64-2025-02-14T06:06:40Z.build,ros-one-axis-msgs_0.5.4-1-g340c307-2025.02.14.06.06_amd64.deb,ros-one-axis-msgs_0.5.4-1-g340c307-2025.02.14.06.06_amd64.files
geographic_info,0.5.6-1-gbc73c05-2025.02.14.06.08,https://github.com/ros-geographic-info/geographic_info/tree/master,success,geographic_info_0.5.6-1-gbc73c05-2025.02.14.06.08-bloom_generate.log,ros-one-geographic-info_0.5.6-1-gbc73c05-2025.02.14.06.08_amd64-2025-02-14T06:08:48Z.build,ros-one-geographic-info_0.5.6-1-gbc73c05-2025.02.14.06.08_amd64.deb,ros-one-geographic-info_0.5.6-1-gbc73c05-2025.02.14.06.08_amd64.files
geographic_msgs,0.5.6-1-gbc73c05-2025.02.14.06.10,https://github.com/ros-geographic-info/geographic_info/tree/master,success,geographic_msgs_0.5.6-1-gbc73c05-2025.02.14.06.10-bloom_generate.log,ros-one-geographic-msgs_0.5.6-1-gbc73c05-2025.02.14.06.10_amd64-2025-02-14T06:10:49Z.build,ros-one-geographic-msgs_0.5.6-1-gbc73c05-2025.02.14.06.10_amd64.deb,ros-one-geographic-msgs_0.5.6-1-gbc73c05-2025.02.14.06.10_amd64.files
geodesy,0.5.6-1-gbc73c05-2025.02.14.06.13,https://github.com/ros-geographic-info/geographic_info/tree/master,success,geodesy_0.5.6-1-gbc73c05-2025.02.14.06.13-bloom_generate.log,ros-one-geodesy_0.5.6-1-gbc73c05-2025.02.14.06.13_amd64-2025-02-14T06:13:01Z.build,ros-one-geodesy_0.5.6-1-gbc73c05-2025.02.14.06.13_amd64.deb,ros-one-geodesy_0.5.6-1-gbc73c05-2025.02.14.06.13_amd64.files
gmapping,1.4.2-2-geec8606-2025.02.14.06.15,https://github.com/ros-perception/slam_gmapping/tree/melodic-devel,success,gmapping_1.4.2-2-geec8606-2025.02.14.06.15-bloom_generate.log,ros-one-gmapping_1.4.2-2-geec8606-2025.02.14.06.15_amd64-2025-02-14T06:15:31Z.build,ros-one-gmapping_1.4.2-2-geec8606-2025.02.14.06.15_amd64.deb,ros-one-gmapping_1.4.2-2-geec8606-2025.02.14.06.15_amd64.files
pcl_conversions,1.7.4-12-g5f72467-2025.02.14.06.18,https://github.com/ros-o/perception_pcl/tree/obese-devel,success,pcl_conversions_1.7.4-12-g5f72467-2025.02.14.06.18-bloom_generate.log,ros-one-pcl-conversions_1.7.4-12-g5f72467-2025.02.14.06.18_amd64-2025-02-14T06:18:40Z.build,ros-one-pcl-conversions_1.7.4-12-g5f72467-2025.02.14.06.18_amd64.deb,ros-one-pcl-conversions_1.7.4-12-g5f72467-2025.02.14.06.18_amd64.files
pcl_ros,1.7.4-12-g5f72467-2025.02.14.06.21,https://github.com/ros-o/perception_pcl/tree/obese-devel,success,pcl_ros_1.7.4-12-g5f72467-2025.02.14.06.21-bloom_generate.log,ros-one-pcl-ros_1.7.4-12-g5f72467-2025.02.14.06.21_amd64-2025-02-14T06:21:56Z.build,ros-one-pcl-ros_1.7.4-12-g5f72467-2025.02.14.06.21_amd64.deb,ros-one-pcl-ros_1.7.4-12-g5f72467-2025.02.14.06.21_amd64.files
perception_pcl,1.7.4-12-g5f72467-2025.02.14.06.29,https://github.com/ros-o/perception_pcl/tree/obese-devel,success,perception_pcl_1.7.4-12-g5f72467-2025.02.14.06.29-bloom_generate.log,ros-one-perception-pcl_1.7.4-12-g5f72467-2025.02.14.06.29_amd64-2025-02-14T06:30:00Z.build,ros-one-perception-pcl_1.7.4-12-g5f72467-2025.02.14.06.29_amd64.deb,ros-one-perception-pcl_1.7.4-12-g5f72467-2025.02.14.06.29_amd64.files
slam_gmapping,1.4.2-2-geec8606-2025.02.14.06.32,https://github.com/ros-perception/slam_gmapping/tree/melodic-devel,success,slam_gmapping_1.4.2-2-geec8606-2025.02.14.06.32-bloom_generate.log,ros-one-slam-gmapping_1.4.2-2-geec8606-2025.02.14.06.32_amd64-2025-02-14T06:32:03Z.build,ros-one-slam-gmapping_1.4.2-2-geec8606-2025.02.14.06.32_amd64.deb,ros-one-slam-gmapping_1.4.2-2-geec8606-2025.02.14.06.32_amd64.files
apriltag_ros,3.2.1-23-g94b3b84-2025.02.14.06.01,https://github.com/AprilRobotics/apriltag_ros/tree/master,success,apriltag_ros_3.2.1-23-g94b3b84-2025.02.14.06.01-bloom_generate.log,ros-one-apriltag-ros_3.2.1-23-g94b3b84-2025.02.14.06.01_amd64-2025-02-14T06:02:00Z.build,ros-one-apriltag-ros_3.2.1-23-g94b3b84-2025.02.14.06.01_amd64.deb,ros-one-apriltag-ros_3.2.1-23-g94b3b84-2025.02.14.06.01_amd64.files
octomap_ros,0.4.1-3-g8816e50-2025.02.14.06.05,https://github.com/OctoMap/octomap_ros/tree/melodic-devel,success,octomap_ros_0.4.1-3-g8816e50-2025.02.14.06.05-bloom_generate.log,ros-one-octomap-ros_0.4.1-3-g8816e50-2025.02.14.06.05_amd64-2025-02-14T06:05:22Z.build,ros-one-octomap-ros_0.4.1-3-g8816e50-2025.02.14.06.05_amd64.deb,ros-one-octomap-ros_0.4.1-3-g8816e50-2025.02.14.06.05_amd64.files
robot_calibration_msgs,0.7.2-3-g80c2be2-2025.02.14.06.07,https://github.com/mikeferguson/robot_calibration/tree/ros1,success,robot_calibration_msgs_0.7.2-3-g80c2be2-2025.02.14.06.07-bloom_generate.log,ros-one-robot-calibration-msgs_0.7.2-3-g80c2be2-2025.02.14.06.07_amd64-2025-02-14T06:07:45Z.build,ros-one-robot-calibration-msgs_0.7.2-3-g80c2be2-2025.02.14.06.07_amd64.deb,ros-one-robot-calibration-msgs_0.7.2-3-g80c2be2-2025.02.14.06.07_amd64.files
robot_calibration,0.7.2-3-g80c2be2-2025.02.14.06.09,https://github.com/mikeferguson/robot_calibration/tree/ros1,success,robot_calibration_0.7.2-3-g80c2be2-2025.02.14.06.09-bloom_generate.log,ros-one-robot-calibration_0.7.2-3-g80c2be2-2025.02.14.06.09_amd64-2025-02-14T06:09:55Z.build,ros-one-robot-calibration_0.7.2-3-g80c2be2-2025.02.14.06.09_amd64.deb,ros-one-robot-calibration_0.7.2-3-g80c2be2-2025.02.14.06.09_amd64.files
robot_state_publisher,1.15.2-1-g8478b2a-2025.02.14.06.14,https://github.com/ros-o/robot_state_publisher/tree/obese-devel,success,robot_state_publisher_1.15.2-1-g8478b2a-2025.02.14.06.14-bloom_generate.log,ros-one-robot-state-publisher_1.15.2-1-g8478b2a-2025.02.14.06.14_amd64-2025-02-14T06:14:32Z.build,ros-one-robot-state-publisher_1.15.2-1-g8478b2a-2025.02.14.06.14_amd64.deb,ros-one-robot-state-publisher_1.15.2-1-g8478b2a-2025.02.14.06.14_amd64.files
rqt_joint_trajectory_plot,0.0.5-31-g508ce24-2025.02.14.06.17,https://github.com/tork-a/rqt_joint_trajectory_plot/tree/master,success,rqt_joint_trajectory_plot_0.0.5-31-g508ce24-2025.02.14.06.17-bloom_generate.log,ros-one-rqt-joint-trajectory-plot_0.0.5-31-g508ce24-2025.02.14.06.17_amd64-2025-02-14T06:17:12Z.build,ros-one-rqt-joint-trajectory-plot_0.0.5-31-g508ce24-2025.02.14.06.17_amd64.deb,ros-one-rqt-joint-trajectory-plot_0.0.5-31-g508ce24-2025.02.14.06.17_amd64.files
rqt_py_console,0.4.10-1-gf9bf603-2025.02.14.06.19,https://github.com/ros-visualization/rqt_py_console/tree/master,success,rqt_py_console_0.4.10-1-gf9bf603-2025.02.14.06.19-bloom_generate.log,ros-one-rqt-py-console_0.4.10-1-gf9bf603-2025.02.14.06.19_amd64-2025-02-14T06:19:35Z.build,ros-one-rqt-py-console_0.4.10-1-gf9bf603-2025.02.14.06.19_amd64.deb,ros-one-rqt-py-console_0.4.10-1-gf9bf603-2025.02.14.06.19_amd64.files
rqt_shell,0.4.12-2025.02.14.06.21,https://github.com/ros-visualization/rqt_shell/tree/master,success,rqt_shell_0.4.12-2025.02.14.06.21-bloom_generate.log,ros-one-rqt-shell_0.4.12-2025.02.14.06.21_amd64-2025-02-14T06:21:36Z.build,ros-one-rqt-shell_0.4.12-2025.02.14.06.21_amd64.deb,ros-one-rqt-shell_0.4.12-2025.02.14.06.21_amd64.files
rqt_top,0.4.10-1-gb2caab1-2025.02.14.06.23,https://github.com/ros-visualization/rqt_top/tree/master,success,rqt_top_0.4.10-1-gb2caab1-2025.02.14.06.23-bloom_generate.log,ros-one-rqt-top_0.4.10-1-gb2caab1-2025.02.14.06.23_amd64-2025-02-14T06:23:38Z.build,ros-one-rqt-top_0.4.10-1-gb2caab1-2025.02.14.06.23_amd64.deb,ros-one-rqt-top_0.4.10-1-gb2caab1-2025.02.14.06.23_amd64.files
slam_karto,0.8.1-14-g5c84a19-2025.02.14.06.25,https://github.com/ros-o/slam_karto/tree/obese-devel,success,slam_karto_0.8.1-14-g5c84a19-2025.02.14.06.25-bloom_generate.log,ros-one-slam-karto_0.8.1-14-g5c84a19-2025.02.14.06.25_amd64-2025-02-14T06:25:50Z.build,ros-one-slam-karto_0.8.1-14-g5c84a19-2025.02.14.06.25_amd64.deb,ros-one-slam-karto_0.8.1-14-g5c84a19-2025.02.14.06.25_amd64.files
warehouse_ros,0.9.5-2-g5c5b77b-2025.02.14.06.28,https://github.com/moveit/warehouse_ros/tree/kinetic-devel,success,warehouse_ros_0.9.5-2-g5c5b77b-2025.02.14.06.28-bloom_generate.log,ros-one-warehouse-ros_0.9.5-2-g5c5b77b-2025.02.14.06.28_amd64-2025-02-14T06:28:38Z.build,ros-one-warehouse-ros_0.9.5-2-g5c5b77b-2025.02.14.06.28_amd64.deb,ros-one-warehouse-ros_0.9.5-2-g5c5b77b-2025.02.14.06.28_amd64.files
laser_geometry,1.6.7-5-g6ace590-2025.02.14.06.01,https://github.com/ros-o/laser_geometry/tree/obese-devel,success,laser_geometry_1.6.7-5-g6ace590-2025.02.14.06.01-bloom_generate.log,ros-one-laser-geometry_1.6.7-5-g6ace590-2025.02.14.06.01_amd64-2025-02-14T06:01:59Z.build,ros-one-laser-geometry_1.6.7-5-g6ace590-2025.02.14.06.01_amd64.deb,ros-one-laser-geometry_1.6.7-5-g6ace590-2025.02.14.06.01_amd64.files
realtime_urdf_filter,0-2025.02.14.06.04,https://github.com/blodow/realtime_urdf_filter/tree/master,success,realtime_urdf_filter_0-2025.02.14.06.04-bloom_generate.log,ros-one-realtime-urdf-filter_0-2025.02.14.06.04_amd64-2025-02-14T06:04:35Z.build,ros-one-realtime-urdf-filter_0-2025.02.14.06.04_amd64.deb,ros-one-realtime-urdf-filter_0-2025.02.14.06.04_amd64.files
ros_numpy,0-2025.02.14.06.08,https://github.com/ros-o/ros_numpy/tree/obese-devel,success,ros_numpy_0-2025.02.14.06.08-bloom_generate.log,ros-one-ros-numpy_0-2025.02.14.06.08_amd64-2025-02-14T06:08:02Z.build,ros-one-ros-numpy_0-2025.02.14.06.08_amd64.deb,ros-one-ros-numpy_0-2025.02.14.06.08_amd64.files
rqt_image_view,0.4.17-3-g3803409-2025.02.14.06.10,https://github.com/ros-visualization/rqt_image_view/tree/master,success,rqt_image_view_0.4.17-3-g3803409-2025.02.14.06.10-bloom_generate.log,ros-one-rqt-image-view_0.4.17-3-g3803409-2025.02.14.06.10_amd64-2025-02-14T06:10:08Z.build,ros-one-rqt-image-view_0.4.17-3-g3803409-2025.02.14.06.10_amd64.deb,ros-one-rqt-image-view_0.4.17-3-g3803409-2025.02.14.06.10_amd64.files
rqt_logger_level,0.4.12-2025.02.14.06.13,https://github.com/ros-visualization/rqt_logger_level/tree/master,success,rqt_logger_level_0.4.12-2025.02.14.06.13-bloom_generate.log,ros-one-rqt-logger-level_0.4.12-2025.02.14.06.13_amd64-2025-02-14T06:13:11Z.build,ros-one-rqt-logger-level_0.4.12-2025.02.14.06.13_amd64.deb,ros-one-rqt-logger-level_0.4.12-2025.02.14.06.13_amd64.files
rqt_nav_view,0.5.7-5-g3df965e-2025.02.14.06.15,https://github.com/ros-visualization/rqt_nav_view/tree/master,success,rqt_nav_view_0.5.7-5-g3df965e-2025.02.14.06.15-bloom_generate.log,ros-one-rqt-nav-view_0.5.7-5-g3df965e-2025.02.14.06.15_amd64-2025-02-14T06:15:15Z.build,ros-one-rqt-nav-view_0.5.7-5-g3df965e-2025.02.14.06.15_amd64.deb,ros-one-rqt-nav-view_0.5.7-5-g3df965e-2025.02.14.06.15_amd64.files
rqt_publisher,0.4.10-7-g3f32ffe-2025.02.14.06.17,https://github.com/ros-visualization/rqt_publisher/tree/master,success,rqt_publisher_0.4.10-7-g3f32ffe-2025.02.14.06.17-bloom_generate.log,ros-one-rqt-publisher_0.4.10-7-g3f32ffe-2025.02.14.06.17_amd64-2025-02-14T06:17:19Z.build,ros-one-rqt-publisher_0.4.10-7-g3f32ffe-2025.02.14.06.17_amd64.deb,ros-one-rqt-publisher_0.4.10-7-g3f32ffe-2025.02.14.06.17_amd64.files
rqt_robot_steering,0.5.12-5-g3076940-2025.02.14.06.19,https://github.com/ros-visualization/rqt_robot_steering/tree/master,success,rqt_robot_steering_0.5.12-5-g3076940-2025.02.14.06.19-bloom_generate.log,ros-one-rqt-robot-steering_0.5.12-5-g3076940-2025.02.14.06.19_amd64-2025-02-14T06:19:23Z.build,ros-one-rqt-robot-steering_0.5.12-5-g3076940-2025.02.14.06.19_amd64.deb,ros-one-rqt-robot-steering_0.5.12-5-g3076940-2025.02.14.06.19_amd64.files
rqt_runtime_monitor,0.5.10-1-g8cc5884-2025.02.14.06.21,https://github.com/ros-visualization/rqt_runtime_monitor/tree/master,success,rqt_runtime_monitor_0.5.10-1-g8cc5884-2025.02.14.06.21-bloom_generate.log,ros-one-rqt-runtime-monitor_0.5.10-1-g8cc5884-2025.02.14.06.21_amd64-2025-02-14T06:21:28Z.build,ros-one-rqt-runtime-monitor_0.5.10-1-g8cc5884-2025.02.14.06.21_amd64.deb,ros-one-rqt-runtime-monitor_0.5.10-1-g8cc5884-2025.02.14.06.21_amd64.files
rqt_topic,0.4.13-4-g8465371-2025.02.14.06.23,https://github.com/ros-visualization/rqt_topic/tree/master,success,rqt_topic_0.4.13-4-g8465371-2025.02.14.06.23-bloom_generate.log,ros-one-rqt-topic_0.4.13-4-g8465371-2025.02.14.06.23_amd64-2025-02-14T06:23:33Z.build,ros-one-rqt-topic_0.4.13-4-g8465371-2025.02.14.06.23_amd64.deb,ros-one-rqt-topic_0.4.13-4-g8465371-2025.02.14.06.23_amd64.files
stage_ros,1.8.0-2-gc7d6d25-2025.02.14.06.25,https://github.com/ros-o/stage_ros/tree/obese-devel,success,stage_ros_1.8.0-2-gc7d6d25-2025.02.14.06.25-bloom_generate.log,ros-one-stage-ros_1.8.0-2-gc7d6d25-2025.02.14.06.25_amd64-2025-02-14T06:25:48Z.build,ros-one-stage-ros_1.8.0-2-gc7d6d25-2025.02.14.06.25_amd64.deb,ros-one-stage-ros_1.8.0-2-gc7d6d25-2025.02.14.06.25_amd64.files
mocap_optitrack,0.1.4-1-g1f4941f-2025.02.14.06.02,https://github.com/ros-o/mocap_optitrack/tree/obese-devel,success,mocap_optitrack_0.1.4-1-g1f4941f-2025.02.14.06.02-bloom_generate.log,ros-one-mocap-optitrack_0.1.4-1-g1f4941f-2025.02.14.06.02_amd64-2025-02-14T06:02:02Z.build,ros-one-mocap-optitrack_0.1.4-1-g1f4941f-2025.02.14.06.02_amd64.deb,ros-one-mocap-optitrack_0.1.4-1-g1f4941f-2025.02.14.06.02_amd64.files
moveit_python,0.4.5-1-gbc6d4a4-2025.02.14.06.04,https://github.com/mikeferguson/moveit_python/tree/ros1,success,moveit_python_0.4.5-1-gbc6d4a4-2025.02.14.06.04-bloom_generate.log,ros-one-moveit-python_0.4.5-1-gbc6d4a4-2025.02.14.06.04_amd64-2025-02-14T06:04:38Z.build,ros-one-moveit-python_0.4.5-1-gbc6d4a4-2025.02.14.06.04_amd64.deb,ros-one-moveit-python_0.4.5-1-gbc6d4a4-2025.02.14.06.04_amd64.files
robot_pose_ekf,1.15.0-2025.02.14.06.06,https://github.com/ros-planning/robot_pose_ekf/tree/master,success,robot_pose_ekf_1.15.0-2025.02.14.06.06-bloom_generate.log,ros-one-robot-pose-ekf_1.15.0-2025.02.14.06.06_amd64-2025-02-14T06:06:39Z.build,ros-one-robot-pose-ekf_1.15.0-2025.02.14.06.06_amd64.deb,ros-one-robot-pose-ekf_1.15.0-2025.02.14.06.06_amd64.files
rosparam_shortcuts,0.4.0-4-g7cf1dea-2025.02.14.06.09,https://github.com/ros-o/rosparam_shortcuts/tree/obese-devel,success,rosparam_shortcuts_0.4.0-4-g7cf1dea-2025.02.14.06.09-bloom_generate.log,ros-one-rosparam-shortcuts_0.4.0-4-g7cf1dea-2025.02.14.06.09_amd64-2025-02-14T06:09:14Z.build,ros-one-rosparam-shortcuts_0.4.0-4-g7cf1dea-2025.02.14.06.09_amd64.deb,ros-one-rosparam-shortcuts_0.4.0-4-g7cf1dea-2025.02.14.06.09_amd64.files
rqt_ez_publisher,0.6.1-3-g30c16e8-2025.02.14.06.11,https://github.com/OTL/rqt_ez_publisher/tree/noetic-devel,success,rqt_ez_publisher_0.6.1-3-g30c16e8-2025.02.14.06.11-bloom_generate.log,ros-one-rqt-ez-publisher_0.6.1-3-g30c16e8-2025.02.14.06.11_amd64-2025-02-14T06:11:33Z.build,ros-one-rqt-ez-publisher_0.6.1-3-g30c16e8-2025.02.14.06.11_amd64.deb,ros-one-rqt-ez-publisher_0.6.1-3-g30c16e8-2025.02.14.06.11_amd64.files
rqt_graph,0.4.14-5-g759e210-2025.02.14.06.13,https://github.com/ros-visualization/rqt_graph/tree/master,success,rqt_graph_0.4.14-5-g759e210-2025.02.14.06.13-bloom_generate.log,ros-one-rqt-graph_0.4.14-5-g759e210-2025.02.14.06.13_amd64-2025-02-14T06:13:46Z.build,ros-one-rqt-graph_0.4.14-5-g759e210-2025.02.14.06.13_amd64.deb,ros-one-rqt-graph_0.4.14-5-g759e210-2025.02.14.06.13_amd64.files
rqt_plot,0.4.13-2025.02.14.06.15,https://github.com/ros-visualization/rqt_plot/tree/master,success,rqt_plot_0.4.13-2025.02.14.06.15-bloom_generate.log,ros-one-rqt-plot_0.4.13-2025.02.14.06.15_amd64-2025-02-14T06:15:48Z.build,ros-one-rqt-plot_0.4.13-2025.02.14.06.15_amd64.deb,ros-one-rqt-plot_0.4.13-2025.02.14.06.15_amd64.files
rqt_pose_view,0.5.11-5-g42e9174-2025.02.14.06.17,https://github.com/ros-visualization/rqt_pose_view/tree/master,success,rqt_pose_view_0.5.11-5-g42e9174-2025.02.14.06.17-bloom_generate.log,ros-one-rqt-pose-view_0.5.11-5-g42e9174-2025.02.14.06.17_amd64-2025-02-14T06:17:47Z.build,ros-one-rqt-pose-view_0.5.11-5-g42e9174-2025.02.14.06.17_amd64.deb,ros-one-rqt-pose-view_0.5.11-5-g42e9174-2025.02.14.06.17_amd64.files
rqt_service_caller,0.4.10-1-g08ff4cc-2025.02.14.06.19,https://github.com/ros-visualization/rqt_service_caller/tree/master,success,rqt_service_caller_0.4.10-1-g08ff4cc-2025.02.14.06.19-bloom_generate.log,ros-one-rqt-service-caller_0.4.10-1-g08ff4cc-2025.02.14.06.19_amd64-2025-02-14T06:19:48Z.build,ros-one-rqt-service-caller_0.4.10-1-g08ff4cc-2025.02.14.06.19_amd64.deb,ros-one-rqt-service-caller_0.4.10-1-g08ff4cc-2025.02.14.06.19_amd64.files
rqt_web,0.4.10-5-g49eaabf-2025.02.14.06.21,https://github.com/ros-visualization/rqt_web/tree/master,success,rqt_web_0.4.10-5-g49eaabf-2025.02.14.06.21-bloom_generate.log,ros-one-rqt-web_0.4.10-5-g49eaabf-2025.02.14.06.21_amd64-2025-02-14T06:21:49Z.build,ros-one-rqt-web_0.4.10-5-g49eaabf-2025.02.14.06.21_amd64.deb,ros-one-rqt-web_0.4.10-5-g49eaabf-2025.02.14.06.21_amd64.files
wifi_ddwrt,0.2.2-2025.02.14.06.23,https://github.com/ros-drivers/wifi_ddwrt/tree/noetic-devel,success,wifi_ddwrt_0.2.2-2025.02.14.06.23-bloom_generate.log,ros-one-wifi-ddwrt_0.2.2-2025.02.14.06.23_amd64-2025-02-14T06:23:51Z.build,ros-one-wifi-ddwrt_0.2.2-2025.02.14.06.23_amd64.deb,ros-one-wifi-ddwrt_0.2.2-2025.02.14.06.23_amd64.files
fake_localization,1.17.3-3-g9ad64419-2025.02.14.06.36,https://github.com/ros-planning/navigation/tree/noetic-devel,success,fake_localization_1.17.3-3-g9ad64419-2025.02.14.06.36-bloom_generate.log,ros-one-fake-localization_1.17.3-3-g9ad64419-2025.02.14.06.36_amd64-2025-02-14T06:36:25Z.build,ros-one-fake-localization_1.17.3-3-g9ad64419-2025.02.14.06.36_amd64.deb,ros-one-fake-localization_1.17.3-3-g9ad64419-2025.02.14.06.36_amd64.files
map_server,1.17.3-3-g9ad64419-2025.02.14.06.39,https://github.com/ros-planning/navigation/tree/noetic-devel,success,map_server_1.17.3-3-g9ad64419-2025.02.14.06.39-bloom_generate.log,ros-one-map-server_1.17.3-3-g9ad64419-2025.02.14.06.39_amd64-2025-02-14T06:39:12Z.build,ros-one-map-server_1.17.3-3-g9ad64419-2025.02.14.06.39_amd64.deb,ros-one-map-server_1.17.3-3-g9ad64419-2025.02.14.06.39_amd64.files
amcl,1.17.3-3-g9ad64419-2025.02.14.06.42,https://github.com/ros-planning/navigation/tree/noetic-devel,success,amcl_1.17.3-3-g9ad64419-2025.02.14.06.42-bloom_generate.log,ros-one-amcl_1.17.3-3-g9ad64419-2025.02.14.06.42_amd64-2025-02-14T06:42:02Z.build,ros-one-amcl_1.17.3-3-g9ad64419-2025.02.14.06.42_amd64.deb,ros-one-amcl_1.17.3-3-g9ad64419-2025.02.14.06.42_amd64.files
navigation,1.17.3-3-g9ad64419-2025.02.14.06.45,https://github.com/ros-planning/navigation/tree/noetic-devel,success,navigation_1.17.3-3-g9ad64419-2025.02.14.06.45-bloom_generate.log,ros-one-navigation_1.17.3-3-g9ad64419-2025.02.14.06.45_amd64-2025-02-14T06:45:15Z.build,ros-one-navigation_1.17.3-3-g9ad64419-2025.02.14.06.45_amd64.deb,ros-one-navigation_1.17.3-3-g9ad64419-2025.02.14.06.45_amd64.files
voxel_grid,1.17.3-3-g9ad64419-2025.02.14.06.47,https://github.com/ros-planning/navigation/tree/noetic-devel,success,voxel_grid_1.17.3-3-g9ad64419-2025.02.14.06.47-bloom_generate.log,ros-one-voxel-grid_1.17.3-3-g9ad64419-2025.02.14.06.47_amd64-2025-02-14T06:47:37Z.build,ros-one-voxel-grid_1.17.3-3-g9ad64419-2025.02.14.06.47_amd64.deb,ros-one-voxel-grid_1.17.3-3-g9ad64419-2025.02.14.06.47_amd64.files
costmap_2d,1.17.3-3-g9ad64419-2025.02.14.06.50,https://github.com/ros-planning/navigation/tree/noetic-devel,success,costmap_2d_1.17.3-3-g9ad64419-2025.02.14.06.50-bloom_generate.log,ros-one-costmap-2d_1.17.3-3-g9ad64419-2025.02.14.06.50_amd64-2025-02-14T06:50:10Z.build,ros-one-costmap-2d_1.17.3-3-g9ad64419-2025.02.14.06.50_amd64.deb,ros-one-costmap-2d_1.17.3-3-g9ad64419-2025.02.14.06.50_amd64.files
nav_core,1.17.3-3-g9ad64419-2025.02.14.06.54,https://github.com/ros-planning/navigation/tree/noetic-devel,success,nav_core_1.17.3-3-g9ad64419-2025.02.14.06.54-bloom_generate.log,ros-one-nav-core_1.17.3-3-g9ad64419-2025.02.14.06.54_amd64-2025-02-14T06:54:04Z.build,ros-one-nav-core_1.17.3-3-g9ad64419-2025.02.14.06.54_amd64.deb,ros-one-nav-core_1.17.3-3-g9ad64419-2025.02.14.06.54_amd64.files
base_local_planner,1.17.3-3-g9ad64419-2025.02.14.06.56,https://github.com/ros-planning/navigation/tree/noetic-devel,success,base_local_planner_1.17.3-3-g9ad64419-2025.02.14.06.56-bloom_generate.log,ros-one-base-local-planner_1.17.3-3-g9ad64419-2025.02.14.06.56_amd64-2025-02-14T06:56:53Z.build,ros-one-base-local-planner_1.17.3-3-g9ad64419-2025.02.14.06.56_amd64.deb,ros-one-base-local-planner_1.17.3-3-g9ad64419-2025.02.14.06.56_amd64.files
carrot_planner,1.17.3-3-g9ad64419-2025.02.14.07.00,https://github.com/ros-planning/navigation/tree/noetic-devel,success,carrot_planner_1.17.3-3-g9ad64419-2025.02.14.07.00-bloom_generate.log,ros-one-carrot-planner_1.17.3-3-g9ad64419-2025.02.14.07.00_amd64-2025-02-14T07:00:26Z.build,ros-one-carrot-planner_1.17.3-3-g9ad64419-2025.02.14.07.00_amd64.deb,ros-one-carrot-planner_1.17.3-3-g9ad64419-2025.02.14.07.00_amd64.files
clear_costmap_recovery,1.17.3-3-g9ad64419-2025.02.14.07.03,https://github.com/ros-planning/navigation/tree/noetic-devel,success,clear_costmap_recovery_1.17.3-3-g9ad64419-2025.02.14.07.03-bloom_generate.log,ros-one-clear-costmap-recovery_1.17.3-3-g9ad64419-2025.02.14.07.03_amd64-2025-02-14T07:03:26Z.build,ros-one-clear-costmap-recovery_1.17.3-3-g9ad64419-2025.02.14.07.03_amd64.deb,ros-one-clear-costmap-recovery_1.17.3-3-g9ad64419-2025.02.14.07.03_amd64.files
dwa_local_planner,1.17.3-3-g9ad64419-2025.02.14.07.06,https://github.com/ros-planning/navigation/tree/noetic-devel,success,dwa_local_planner_1.17.3-3-g9ad64419-2025.02.14.07.06-bloom_generate.log,ros-one-dwa-local-planner_1.17.3-3-g9ad64419-2025.02.14.07.06_amd64-2025-02-14T07:06:25Z.build,ros-one-dwa-local-planner_1.17.3-3-g9ad64419-2025.02.14.07.06_amd64.deb,ros-one-dwa-local-planner_1.17.3-3-g9ad64419-2025.02.14.07.06_amd64.files
move_slow_and_clear,1.17.3-3-g9ad64419-2025.02.14.07.09,https://github.com/ros-planning/navigation/tree/noetic-devel,success,move_slow_and_clear_1.17.3-3-g9ad64419-2025.02.14.07.09-bloom_generate.log,ros-one-move-slow-and-clear_1.17.3-3-g9ad64419-2025.02.14.07.09_amd64-2025-02-14T07:09:33Z.build,ros-one-move-slow-and-clear_1.17.3-3-g9ad64419-2025.02.14.07.09_amd64.deb,ros-one-move-slow-and-clear_1.17.3-3-g9ad64419-2025.02.14.07.09_amd64.files
navfn,1.17.3-3-g9ad64419-2025.02.14.07.12,https://github.com/ros-planning/navigation/tree/noetic-devel,success,navfn_1.17.3-3-g9ad64419-2025.02.14.07.12-bloom_generate.log,ros-one-navfn_1.17.3-3-g9ad64419-2025.02.14.07.12_amd64-2025-02-14T07:12:34Z.build,ros-one-navfn_1.17.3-3-g9ad64419-2025.02.14.07.12_amd64.deb,ros-one-navfn_1.17.3-3-g9ad64419-2025.02.14.07.12_amd64.files
global_planner,1.17.3-3-g9ad64419-2025.02.14.07.15,https://github.com/ros-planning/navigation/tree/noetic-devel,success,global_planner_1.17.3-3-g9ad64419-2025.02.14.07.15-bloom_generate.log,ros-one-global-planner_1.17.3-3-g9ad64419-2025.02.14.07.15_amd64-2025-02-14T07:15:46Z.build,ros-one-global-planner_1.17.3-3-g9ad64419-2025.02.14.07.15_amd64.deb,ros-one-global-planner_1.17.3-3-g9ad64419-2025.02.14.07.15_amd64.files
rotate_recovery,1.17.3-3-g9ad64419-2025.02.14.07.19,https://github.com/ros-planning/navigation/tree/noetic-devel,success,rotate_recovery_1.17.3-3-g9ad64419-2025.02.14.07.19-bloom_generate.log,ros-one-rotate-recovery_1.17.3-3-g9ad64419-2025.02.14.07.19_amd64-2025-02-14T07:19:06Z.build,ros-one-rotate-recovery_1.17.3-3-g9ad64419-2025.02.14.07.19_amd64.deb,ros-one-rotate-recovery_1.17.3-3-g9ad64419-2025.02.14.07.19_amd64.files
move_base,1.17.3-3-g9ad64419-2025.02.14.07.22,https://github.com/ros-planning/navigation/tree/noetic-devel,success,move_base_1.17.3-3-g9ad64419-2025.02.14.07.22-bloom_generate.log,ros-one-move-base_1.17.3-3-g9ad64419-2025.02.14.07.22_amd64-2025-02-14T07:22:09Z.build,ros-one-move-base_1.17.3-3-g9ad64419-2025.02.14.07.22_amd64.deb,ros-one-move-base_1.17.3-3-g9ad64419-2025.02.14.07.22_amd64.files
joy,0-2025.02.14.06.36,https://github.com/ros-o/joystick_drivers/tree/obese-devel,success,joy_0-2025.02.14.06.36-bloom_generate.log,ros-one-joy_0-2025.02.14.06.36_amd64-2025-02-14T06:36:41Z.build,ros-one-joy_0-2025.02.14.06.36_amd64.deb,ros-one-joy_0-2025.02.14.06.36_amd64.files
joystick_drivers,0-2025.02.14.06.39,https://github.com/ros-o/joystick_drivers/tree/obese-devel,success,joystick_drivers_0-2025.02.14.06.39-bloom_generate.log,ros-one-joystick-drivers_0-2025.02.14.06.39_amd64-2025-02-14T06:39:25Z.build,ros-one-joystick-drivers_0-2025.02.14.06.39_amd64.deb,ros-one-joystick-drivers_0-2025.02.14.06.39_amd64.files
libmavconn,1.20.0-1-g08142be7-2025.02.14.06.41,https://github.com/ros-o/mavros/tree/obese-devel,success,libmavconn_1.20.0-1-g08142be7-2025.02.14.06.41-bloom_generate.log,ros-one-libmavconn_1.20.0-1-g08142be7-2025.02.14.06.41_amd64-2025-02-14T06:41:50Z.build,ros-one-libmavconn_1.20.0-1-g08142be7-2025.02.14.06.41_amd64.deb,ros-one-libmavconn_1.20.0-1-g08142be7-2025.02.14.06.41_amd64.files
mavros_msgs,1.20.0-1-g08142be7-2025.02.14.06.44,https://github.com/ros-o/mavros/tree/obese-devel,success,mavros_msgs_1.20.0-1-g08142be7-2025.02.14.06.44-bloom_generate.log,ros-one-mavros-msgs_1.20.0-1-g08142be7-2025.02.14.06.44_amd64-2025-02-14T06:44:56Z.build,ros-one-mavros-msgs_1.20.0-1-g08142be7-2025.02.14.06.44_amd64.deb,ros-one-mavros-msgs_1.20.0-1-g08142be7-2025.02.14.06.44_amd64.files
mavros,1.20.0-1-g08142be7-2025.02.14.06.47,https://github.com/ros-o/mavros/tree/obese-devel,success,mavros_1.20.0-1-g08142be7-2025.02.14.06.47-bloom_generate.log,ros-one-mavros_1.20.0-1-g08142be7-2025.02.14.06.47_amd64-2025-02-14T06:47:55Z.build,ros-one-mavros_1.20.0-1-g08142be7-2025.02.14.06.47_amd64.deb,ros-one-mavros_1.20.0-1-g08142be7-2025.02.14.06.47_amd64.files
mavros_extras,1.20.0-1-g08142be7-2025.02.14.06.53,https://github.com/ros-o/mavros/tree/obese-devel,success,mavros_extras_1.20.0-1-g08142be7-2025.02.14.06.53-bloom_generate.log,ros-one-mavros-extras_1.20.0-1-g08142be7-2025.02.14.06.53_amd64-2025-02-14T06:53:55Z.build,ros-one-mavros-extras_1.20.0-1-g08142be7-2025.02.14.06.53_amd64.deb,ros-one-mavros-extras_1.20.0-1-g08142be7-2025.02.14.06.53_amd64.files
multisense,4.0.5-46-g945e646-2025.02.14.06.59,https://github.com/ros-o/multisense_ros/tree/obese-devel,success,multisense_4.0.5-46-g945e646-2025.02.14.06.59-bloom_generate.log,ros-one-multisense_4.0.5-46-g945e646-2025.02.14.06.59_amd64-2025-02-14T06:59:16Z.build,ros-one-multisense_4.0.5-46-g945e646-2025.02.14.06.59_amd64.deb,ros-one-multisense_4.0.5-46-g945e646-2025.02.14.06.59_amd64.files
multisense_description,4.0.5-46-g945e646-2025.02.14.07.01,https://github.com/ros-o/multisense_ros/tree/obese-devel,success,multisense_description_4.0.5-46-g945e646-2025.02.14.07.01-bloom_generate.log,ros-one-multisense-description_4.0.5-46-g945e646-2025.02.14.07.01_amd64-2025-02-14T07:01:40Z.build,ros-one-multisense-description_4.0.5-46-g945e646-2025.02.14.07.01_amd64.deb,ros-one-multisense-description_4.0.5-46-g945e646-2025.02.14.07.01_amd64.files
multisense_lib,4.0.5-46-g945e646-2025.02.14.07.04,https://github.com/ros-o/multisense_ros/tree/obese-devel,success,multisense_lib_4.0.5-46-g945e646-2025.02.14.07.04-bloom_generate.log,ros-one-multisense-lib_4.0.5-46-g945e646-2025.02.14.07.04_amd64-2025-02-14T07:04:09Z.build,ros-one-multisense-lib_4.0.5-46-g945e646-2025.02.14.07.04_amd64.deb,ros-one-multisense-lib_4.0.5-46-g945e646-2025.02.14.07.04_amd64.files
multisense_ros,4.0.5-46-g945e646-2025.02.14.07.07,https://github.com/ros-o/multisense_ros/tree/obese-devel,success,multisense_ros_4.0.5-46-g945e646-2025.02.14.07.07-bloom_generate.log,ros-one-multisense-ros_4.0.5-46-g945e646-2025.02.14.07.07_amd64-2025-02-14T07:07:45Z.build,ros-one-multisense-ros_4.0.5-46-g945e646-2025.02.14.07.07_amd64.deb,ros-one-multisense-ros_4.0.5-46-g945e646-2025.02.14.07.07_amd64.files
multisense_bringup,4.0.5-46-g945e646-2025.02.14.07.13,https://github.com/ros-o/multisense_ros/tree/obese-devel,success,multisense_bringup_4.0.5-46-g945e646-2025.02.14.07.13-bloom_generate.log,ros-one-multisense-bringup_4.0.5-46-g945e646-2025.02.14.07.13_amd64-2025-02-14T07:13:22Z.build,ros-one-multisense-bringup_4.0.5-46-g945e646-2025.02.14.07.13_amd64.deb,ros-one-multisense-bringup_4.0.5-46-g945e646-2025.02.14.07.13_amd64.files
multisense_cal_check,4.0.5-46-g945e646-2025.02.14.07.16,https://github.com/ros-o/multisense_ros/tree/obese-devel,success,multisense_cal_check_4.0.5-46-g945e646-2025.02.14.07.16-bloom_generate.log,ros-one-multisense-cal-check_4.0.5-46-g945e646-2025.02.14.07.16_amd64-2025-02-14T07:16:44Z.build,ros-one-multisense-cal-check_4.0.5-46-g945e646-2025.02.14.07.16_amd64.deb,ros-one-multisense-cal-check_4.0.5-46-g945e646-2025.02.14.07.16_amd64.files
ps3joy,0-2025.02.14.07.20,https://github.com/ros-o/joystick_drivers/tree/obese-devel,success,ps3joy_0-2025.02.14.07.20-bloom_generate.log,ros-one-ps3joy_0-2025.02.14.07.20_amd64-2025-02-14T07:20:07Z.build,ros-one-ps3joy_0-2025.02.14.07.20_amd64.deb,ros-one-ps3joy_0-2025.02.14.07.20_amd64.files
spacenav_node,0-2025.02.14.07.22,https://github.com/ros-o/joystick_drivers/tree/obese-devel,success,spacenav_node_0-2025.02.14.07.22-bloom_generate.log,ros-one-spacenav-node_0-2025.02.14.07.22_amd64-2025-02-14T07:22:56Z.build,ros-one-spacenav-node_0-2025.02.14.07.22_amd64.deb,ros-one-spacenav-node_0-2025.02.14.07.22_amd64.files
test_mavros,1.20.0-1-g08142be7-2025.02.14.07.25,https://github.com/ros-o/mavros/tree/obese-devel,success,test_mavros_1.20.0-1-g08142be7-2025.02.14.07.25-bloom_generate.log,ros-one-test-mavros_1.20.0-1-g08142be7-2025.02.14.07.25_amd64-2025-02-14T07:25:36Z.build,ros-one-test-mavros_1.20.0-1-g08142be7-2025.02.14.07.25_amd64.deb,ros-one-test-mavros_1.20.0-1-g08142be7-2025.02.14.07.25_amd64.files
wiimote,0-2025.02.14.07.28,https://github.com/ros-o/joystick_drivers/tree/obese-devel,success,wiimote_0-2025.02.14.07.28-bloom_generate.log,ros-one-wiimote_0-2025.02.14.07.28_amd64-2025-02-14T07:28:55Z.build,ros-one-wiimote_0-2025.02.14.07.28_amd64.deb,ros-one-wiimote_0-2025.02.14.07.28_amd64.files
gazebo_dev,2.9.2-9-g61f7435-2025.02.14.06.36,https://github.com/ros-simulation/gazebo_ros_pkgs/tree/noetic-devel,failed-bloom-generate,gazebo_dev_2.9.2-9-g61f7435-2025.02.14.06.36-bloom_generate.log,,,
gazebo_msgs,2.9.2-9-g61f7435-2025.02.14.06.36,https://github.com/ros-simulation/gazebo_ros_pkgs/tree/noetic-devel,success,gazebo_msgs_2.9.2-9-g61f7435-2025.02.14.06.36-bloom_generate.log,ros-one-gazebo-msgs_2.9.2-9-g61f7435-2025.02.14.06.36_amd64-2025-02-14T06:36:19Z.build,ros-one-gazebo-msgs_2.9.2-9-g61f7435-2025.02.14.06.36_amd64.deb,ros-one-gazebo-msgs_2.9.2-9-g61f7435-2025.02.14.06.36_amd64.files
gazebo_ros,2.9.2-9-g61f7435-2025.02.14.06.38,https://github.com/ros-simulation/gazebo_ros_pkgs/tree/noetic-devel,failed-sbuild,gazebo_ros_2.9.2-9-g61f7435-2025.02.14.06.38-bloom_generate.log,ros-one-gazebo-ros_2.9.2-9-g61f7435-2025.02.14.06.38_amd64-2025-02-14T06:38:55Z.build,,
gazebo_plugins,2.9.2-9-g61f7435-2025.02.14.06.41,https://github.com/ros-simulation/gazebo_ros_pkgs/tree/noetic-devel,failed-sbuild,gazebo_plugins_2.9.2-9-g61f7435-2025.02.14.06.41-bloom_generate.log,ros-one-gazebo-plugins_2.9.2-9-g61f7435-2025.02.14.06.41_amd64-2025-02-14T06:41:03Z.build,,
gazebo_ros_control,2.9.2-9-g61f7435-2025.02.14.06.43,https://github.com/ros-simulation/gazebo_ros_pkgs/tree/noetic-devel,failed-sbuild,gazebo_ros_control_2.9.2-9-g61f7435-2025.02.14.06.43-bloom_generate.log,ros-one-gazebo-ros-control_2.9.2-9-g61f7435-2025.02.14.06.43_amd64-2025-02-14T06:43:09Z.build,,
gazebo_ros_pkgs,2.9.2-9-g61f7435-2025.02.14.06.45,https://github.com/ros-simulation/gazebo_ros_pkgs/tree/noetic-devel,success,gazebo_ros_pkgs_2.9.2-9-g61f7435-2025.02.14.06.45-bloom_generate.log,ros-one-gazebo-ros-pkgs_2.9.2-9-g61f7435-2025.02.14.06.45_amd64-2025-02-14T06:45:17Z.build,ros-one-gazebo-ros-pkgs_2.9.2-9-g61f7435-2025.02.14.06.45_amd64.deb,ros-one-gazebo-ros-pkgs_2.9.2-9-g61f7435-2025.02.14.06.45_amd64.files
ocean_battery_driver,1.1.10-5-gc7f225d-2025.02.14.06.47,https://github.com/pr2/pr2_power_drivers/tree/kinetic-devel,success,ocean_battery_driver_1.1.10-5-gc7f225d-2025.02.14.06.47-bloom_generate.log,ros-one-ocean-battery-driver_1.1.10-5-gc7f225d-2025.02.14.06.47_amd64-2025-02-14T06:47:39Z.build,ros-one-ocean-battery-driver_1.1.10-5-gc7f225d-2025.02.14.06.47_amd64.deb,ros-one-ocean-battery-driver_1.1.10-5-gc7f225d-2025.02.14.06.47_amd64.files
power_monitor,1.1.10-5-gc7f225d-2025.02.14.06.50,https://github.com/pr2/pr2_power_drivers/tree/kinetic-devel,success,power_monitor_1.1.10-5-gc7f225d-2025.02.14.06.50-bloom_generate.log,ros-one-power-monitor_1.1.10-5-gc7f225d-2025.02.14.06.50_amd64-2025-02-14T06:50:17Z.build,ros-one-power-monitor_1.1.10-5-gc7f225d-2025.02.14.06.50_amd64.deb,ros-one-power-monitor_1.1.10-5-gc7f225d-2025.02.14.06.50_amd64.files
pr2_hardware_interface,1.8.21-7-g3b10e3e-2025.02.14.06.53,https://github.com/pr2/pr2_mechanism/tree/melodic-devel,success,pr2_hardware_interface_1.8.21-7-g3b10e3e-2025.02.14.06.53-bloom_generate.log,ros-one-pr2-hardware-interface_1.8.21-7-g3b10e3e-2025.02.14.06.53_amd64-2025-02-14T06:53:04Z.build,ros-one-pr2-hardware-interface_1.8.21-7-g3b10e3e-2025.02.14.06.53_amd64.deb,ros-one-pr2-hardware-interface_1.8.21-7-g3b10e3e-2025.02.14.06.53_amd64.files
pr2_mechanism,1.8.21-7-g3b10e3e-2025.02.14.06.55,https://github.com/pr2/pr2_mechanism/tree/melodic-devel,success,pr2_mechanism_1.8.21-7-g3b10e3e-2025.02.14.06.55-bloom_generate.log,ros-one-pr2-mechanism_1.8.21-7-g3b10e3e-2025.02.14.06.55_amd64-2025-02-14T06:55:32Z.build,ros-one-pr2-mechanism_1.8.21-7-g3b10e3e-2025.02.14.06.55_amd64.deb,ros-one-pr2-mechanism_1.8.21-7-g3b10e3e-2025.02.14.06.55_amd64.files
pr2_mechanism_model,1.8.21-7-g3b10e3e-2025.02.14.06.57,https://github.com/pr2/pr2_mechanism/tree/melodic-devel,success,pr2_mechanism_model_1.8.21-7-g3b10e3e-2025.02.14.06.57-bloom_generate.log,ros-one-pr2-mechanism-model_1.8.21-7-g3b10e3e-2025.02.14.06.57_amd64-2025-02-14T06:57:54Z.build,ros-one-pr2-mechanism-model_1.8.21-7-g3b10e3e-2025.02.14.06.57_amd64.deb,ros-one-pr2-mechanism-model_1.8.21-7-g3b10e3e-2025.02.14.06.57_amd64.files
pr2_controller_interface,1.8.21-7-g3b10e3e-2025.02.14.07.00,https://github.com/pr2/pr2_mechanism/tree/melodic-devel,success,pr2_controller_interface_1.8.21-7-g3b10e3e-2025.02.14.07.00-bloom_generate.log,ros-one-pr2-controller-interface_1.8.21-7-g3b10e3e-2025.02.14.07.00_amd64-2025-02-14T07:00:53Z.build,ros-one-pr2-controller-interface_1.8.21-7-g3b10e3e-2025.02.14.07.00_amd64.deb,ros-one-pr2-controller-interface_1.8.21-7-g3b10e3e-2025.02.14.07.00_amd64.files
pr2_mechanism_diagnostics,1.8.21-7-g3b10e3e-2025.02.14.07.03,https://github.com/pr2/pr2_mechanism/tree/melodic-devel,success,pr2_mechanism_diagnostics_1.8.21-7-g3b10e3e-2025.02.14.07.03-bloom_generate.log,ros-one-pr2-mechanism-diagnostics_1.8.21-7-g3b10e3e-2025.02.14.07.03_amd64-2025-02-14T07:03:27Z.build,ros-one-pr2-mechanism-diagnostics_1.8.21-7-g3b10e3e-2025.02.14.07.03_amd64.deb,ros-one-pr2-mechanism-diagnostics_1.8.21-7-g3b10e3e-2025.02.14.07.03_amd64.files
pr2_controller_manager,1.8.21-7-g3b10e3e-2025.02.14.07.06,https://github.com/pr2/pr2_mechanism/tree/melodic-devel,success,pr2_controller_manager_1.8.21-7-g3b10e3e-2025.02.14.07.06-bloom_generate.log,ros-one-pr2-controller-manager_1.8.21-7-g3b10e3e-2025.02.14.07.06_amd64-2025-02-14T07:06:18Z.build,ros-one-pr2-controller-manager_1.8.21-7-g3b10e3e-2025.02.14.07.06_amd64.deb,ros-one-pr2-controller-manager_1.8.21-7-g3b10e3e-2025.02.14.07.06_amd64.files
pr2_power_board,1.1.10-5-gc7f225d-2025.02.14.07.09,https://github.com/pr2/pr2_power_drivers/tree/kinetic-devel,success,pr2_power_board_1.1.10-5-gc7f225d-2025.02.14.07.09-bloom_generate.log,ros-one-pr2-power-board_1.1.10-5-gc7f225d-2025.02.14.07.09_amd64-2025-02-14T07:09:15Z.build,ros-one-pr2-power-board_1.1.10-5-gc7f225d-2025.02.14.07.09_amd64.deb,ros-one-pr2-power-board_1.1.10-5-gc7f225d-2025.02.14.07.09_amd64.files
pr2_power_drivers,1.1.10-5-gc7f225d-2025.02.14.07.12,https://github.com/pr2/pr2_power_drivers/tree/kinetic-devel,success,pr2_power_drivers_1.1.10-5-gc7f225d-2025.02.14.07.12-bloom_generate.log,ros-one-pr2-power-drivers_1.1.10-5-gc7f225d-2025.02.14.07.12_amd64-2025-02-14T07:12:02Z.build,ros-one-pr2-power-drivers_1.1.10-5-gc7f225d-2025.02.14.07.12_amd64.deb,ros-one-pr2-power-drivers_1.1.10-5-gc7f225d-2025.02.14.07.12_amd64.files
diff_drive_controller,0.22.0-2025.02.14.06.36,https://github.com/ros-controls/ros_controllers/tree/noetic-devel,success,diff_drive_controller_0.22.0-2025.02.14.06.36-bloom_generate.log,ros-one-diff-drive-controller_0.22.0-2025.02.14.06.36_amd64-2025-02-14T06:36:29Z.build,ros-one-diff-drive-controller_0.22.0-2025.02.14.06.36_amd64.deb,ros-one-diff-drive-controller_0.22.0-2025.02.14.06.36_amd64.files
ackermann_steering_controller,0.22.0-2025.02.14.06.39,https://github.com/ros-controls/ros_controllers/tree/noetic-devel,success,ackermann_steering_controller_0.22.0-2025.02.14.06.39-bloom_generate.log,ros-one-ackermann-steering-controller_0.22.0-2025.02.14.06.39_amd64-2025-02-14T06:39:43Z.build,ros-one-ackermann-steering-controller_0.22.0-2025.02.14.06.39_amd64.deb,ros-one-ackermann-steering-controller_0.22.0-2025.02.14.06.39_amd64.files
force_torque_sensor_controller,0.22.0-2025.02.14.06.42,https://github.com/ros-controls/ros_controllers/tree/noetic-devel,success,force_torque_sensor_controller_0.22.0-2025.02.14.06.42-bloom_generate.log,ros-one-force-torque-sensor-controller_0.22.0-2025.02.14.06.42_amd64-2025-02-14T06:42:49Z.build,ros-one-force-torque-sensor-controller_0.22.0-2025.02.14.06.42_amd64.deb,ros-one-force-torque-sensor-controller_0.22.0-2025.02.14.06.42_amd64.files
forward_command_controller,0.22.0-2025.02.14.06.45,https://github.com/ros-controls/ros_controllers/tree/noetic-devel,success,forward_command_controller_0.22.0-2025.02.14.06.45-bloom_generate.log,ros-one-forward-command-controller_0.22.0-2025.02.14.06.45_amd64-2025-02-14T06:45:32Z.build,ros-one-forward-command-controller_0.22.0-2025.02.14.06.45_amd64.deb,ros-one-forward-command-controller_0.22.0-2025.02.14.06.45_amd64.files
four_wheel_steering_controller,0.22.0-2025.02.14.06.48,https://github.com/ros-controls/ros_controllers/tree/noetic-devel,success,four_wheel_steering_controller_0.22.0-2025.02.14.06.48-bloom_generate.log,ros-one-four-wheel-steering-controller_0.22.0-2025.02.14.06.48_amd64-2025-02-14T06:48:08Z.build,ros-one-four-wheel-steering-controller_0.22.0-2025.02.14.06.48_amd64.deb,ros-one-four-wheel-steering-controller_0.22.0-2025.02.14.06.48_amd64.files
gripper_action_controller,0.22.0-2025.02.14.06.51,https://github.com/ros-controls/ros_controllers/tree/noetic-devel,success,gripper_action_controller_0.22.0-2025.02.14.06.51-bloom_generate.log,ros-one-gripper-action-controller_0.22.0-2025.02.14.06.51_amd64-2025-02-14T06:51:09Z.build,ros-one-gripper-action-controller_0.22.0-2025.02.14.06.51_amd64.deb,ros-one-gripper-action-controller_0.22.0-2025.02.14.06.51_amd64.files
imu_sensor_controller,0.22.0-2025.02.14.06.54,https://github.com/ros-controls/ros_controllers/tree/noetic-devel,success,imu_sensor_controller_0.22.0-2025.02.14.06.54-bloom_generate.log,ros-one-imu-sensor-controller_0.22.0-2025.02.14.06.54_amd64-2025-02-14T06:54:01Z.build,ros-one-imu-sensor-controller_0.22.0-2025.02.14.06.54_amd64.deb,ros-one-imu-sensor-controller_0.22.0-2025.02.14.06.54_amd64.files
joint_state_controller,0.22.0-2025.02.14.06.56,https://github.com/ros-controls/ros_controllers/tree/noetic-devel,success,joint_state_controller_0.22.0-2025.02.14.06.56-bloom_generate.log,ros-one-joint-state-controller_0.22.0-2025.02.14.06.56_amd64-2025-02-14T06:56:46Z.build,ros-one-joint-state-controller_0.22.0-2025.02.14.06.56_amd64.deb,ros-one-joint-state-controller_0.22.0-2025.02.14.06.56_amd64.files
effort_controllers,0.22.0-2025.02.14.06.59,https://github.com/ros-controls/ros_controllers/tree/noetic-devel,success,effort_controllers_0.22.0-2025.02.14.06.59-bloom_generate.log,ros-one-effort-controllers_0.22.0-2025.02.14.06.59_amd64-2025-02-14T06:59:30Z.build,ros-one-effort-controllers_0.22.0-2025.02.14.06.59_amd64.deb,ros-one-effort-controllers_0.22.0-2025.02.14.06.59_amd64.files
joint_trajectory_controller,0.22.0-2025.02.14.07.02,https://github.com/ros-controls/ros_controllers/tree/noetic-devel,success,joint_trajectory_controller_0.22.0-2025.02.14.07.02-bloom_generate.log,ros-one-joint-trajectory-controller_0.22.0-2025.02.14.07.02_amd64-2025-02-14T07:02:27Z.build,ros-one-joint-trajectory-controller_0.22.0-2025.02.14.07.02_amd64.deb,ros-one-joint-trajectory-controller_0.22.0-2025.02.14.07.02_amd64.files
octomap_mapping,0.6.8-2025.02.14.07.05,https://github.com/OctoMap/octomap_mapping/tree/kinetic-devel,success,octomap_mapping_0.6.8-2025.02.14.07.05-bloom_generate.log,ros-one-octomap-mapping_0.6.8-2025.02.14.07.05_amd64-2025-02-14T07:05:48Z.build,ros-one-octomap-mapping_0.6.8-2025.02.14.07.05_amd64.deb,ros-one-octomap-mapping_0.6.8-2025.02.14.07.05_amd64.files
octomap_server,0.6.8-2025.02.14.07.08,https://github.com/OctoMap/octomap_mapping/tree/kinetic-devel,success,octomap_server_0.6.8-2025.02.14.07.08-bloom_generate.log,ros-one-octomap-server_0.6.8-2025.02.14.07.08_amd64-2025-02-14T07:08:12Z.build,ros-one-octomap-server_0.6.8-2025.02.14.07.08_amd64.deb,ros-one-octomap-server_0.6.8-2025.02.14.07.08_amd64.files
position_controllers,0.22.0-2025.02.14.07.13,https://github.com/ros-controls/ros_controllers/tree/noetic-devel,success,position_controllers_0.22.0-2025.02.14.07.13-bloom_generate.log,ros-one-position-controllers_0.22.0-2025.02.14.07.13_amd64-2025-02-14T07:13:24Z.build,ros-one-position-controllers_0.22.0-2025.02.14.07.13_amd64.deb,ros-one-position-controllers_0.22.0-2025.02.14.07.13_amd64.files
ros_controllers,0.22.0-2025.02.14.07.16,https://github.com/ros-controls/ros_controllers/tree/noetic-devel,success,ros_controllers_0.22.0-2025.02.14.07.16-bloom_generate.log,ros-one-ros-controllers_0.22.0-2025.02.14.07.16_amd64-2025-02-14T07:16:09Z.build,ros-one-ros-controllers_0.22.0-2025.02.14.07.16_amd64.deb,ros-one-ros-controllers_0.22.0-2025.02.14.07.16_amd64.files
rqt_joint_trajectory_controller,0.22.0-2025.02.14.07.18,https://github.com/ros-controls/ros_controllers/tree/noetic-devel,success,rqt_joint_trajectory_controller_0.22.0-2025.02.14.07.18-bloom_generate.log,ros-one-rqt-joint-trajectory-controller_0.22.0-2025.02.14.07.18_amd64-2025-02-14T07:18:33Z.build,ros-one-rqt-joint-trajectory-controller_0.22.0-2025.02.14.07.18_amd64.deb,ros-one-rqt-joint-trajectory-controller_0.22.0-2025.02.14.07.18_amd64.files
velocity_controllers,0.22.0-2025.02.14.07.20,https://github.com/ros-controls/ros_controllers/tree/noetic-devel,success,velocity_controllers_0.22.0-2025.02.14.07.20-bloom_generate.log,ros-one-velocity-controllers_0.22.0-2025.02.14.07.20_amd64-2025-02-14T07:20:59Z.build,ros-one-velocity-controllers_0.22.0-2025.02.14.07.20_amd64.deb,ros-one-velocity-controllers_0.22.0-2025.02.14.07.20_amd64.files
driver_base,1.6.9-2025.02.14.06.36,https://github.com/ros-drivers/driver_common/tree/indigo-devel,success,driver_base_1.6.9-2025.02.14.06.36-bloom_generate.log,ros-one-driver-base_1.6.9-2025.02.14.06.36_amd64-2025-02-14T06:36:17Z.build,ros-one-driver-base_1.6.9-2025.02.14.06.36_amd64.deb,ros-one-driver-base_1.6.9-2025.02.14.06.36_amd64.files
driver_common,1.6.9-2025.02.14.06.38,https://github.com/ros-drivers/driver_common/tree/indigo-devel,success,driver_common_1.6.9-2025.02.14.06.38-bloom_generate.log,ros-one-driver-common_1.6.9-2025.02.14.06.38_amd64-2025-02-14T06:38:55Z.build,ros-one-driver-common_1.6.9-2025.02.14.06.38_amd64.deb,ros-one-driver-common_1.6.9-2025.02.14.06.38_amd64.files
laser_filters,1.9.1-2025.02.14.06.41,https://github.com/ros-perception/laser_filters/tree/noetic-devel,success,laser_filters_1.9.1-2025.02.14.06.41-bloom_generate.log,ros-one-laser-filters_1.9.1-2025.02.14.06.41_amd64-2025-02-14T06:41:16Z.build,ros-one-laser-filters_1.9.1-2025.02.14.06.41_amd64.deb,ros-one-laser-filters_1.9.1-2025.02.14.06.41_amd64.files
microstrain_3dmgx2_imu,1.5.13-2025.02.14.06.45,https://github.com/ros-drivers/microstrain_3dmgx2_imu/tree/indigo-devel,success,microstrain_3dmgx2_imu_1.5.13-2025.02.14.06.45-bloom_generate.log,ros-one-microstrain-3dmgx2-imu_1.5.13-2025.02.14.06.45_amd64-2025-02-14T06:45:16Z.build,ros-one-microstrain-3dmgx2-imu_1.5.13-2025.02.14.06.45_amd64.deb,ros-one-microstrain-3dmgx2-imu_1.5.13-2025.02.14.06.45_amd64.files
opencv_apps,2.0.2-67-ga6cb1af-2025.02.14.06.48,https://github.com/ros-perception/opencv_apps/tree/indigo,failed-sbuild,opencv_apps_2.0.2-67-ga6cb1af-2025.02.14.06.48-bloom_generate.log,ros-one-opencv-apps_2.0.2-67-ga6cb1af-2025.02.14.06.48_amd64-2025-02-14T06:48:12Z.build,,
realsense2_camera,2.3.2-24-g7402c40f-2025.02.14.06.53,https://github.com/IntelRealSense/realsense-ros/tree/ros1-legacy,success,realsense2_camera_2.3.2-24-g7402c40f-2025.02.14.06.53-bloom_generate.log,ros-one-realsense2-camera_2.3.2-24-g7402c40f-2025.02.14.06.53_amd64-2025-02-14T06:53:34Z.build,ros-one-realsense2-camera_2.3.2-24-g7402c40f-2025.02.14.06.53_amd64.deb,ros-one-realsense2-camera_2.3.2-24-g7402c40f-2025.02.14.06.53_amd64.files
realsense2_description,2.3.2-24-g7402c40f-2025.02.14.06.57,https://github.com/IntelRealSense/realsense-ros/tree/ros1-legacy,success,realsense2_description_2.3.2-24-g7402c40f-2025.02.14.06.57-bloom_generate.log,ros-one-realsense2-description_2.3.2-24-g7402c40f-2025.02.14.06.57_amd64-2025-02-14T06:57:26Z.build,ros-one-realsense2-description_2.3.2-24-g7402c40f-2025.02.14.06.57_amd64.deb,ros-one-realsense2-description_2.3.2-24-g7402c40f-2025.02.14.06.57_amd64.files
robot_self_filter,0.1.32-2-ga8d2e49-2025.02.14.06.59,https://github.com/PR2/robot_self_filter/tree/indigo-devel,success,robot_self_filter_0.1.32-2-ga8d2e49-2025.02.14.06.59-bloom_generate.log,ros-one-robot-self-filter_0.1.32-2-ga8d2e49-2025.02.14.06.59_amd64-2025-02-14T06:59:56Z.build,ros-one-robot-self-filter_0.1.32-2-ga8d2e49-2025.02.14.06.59_amd64.deb,ros-one-robot-self-filter_0.1.32-2-ga8d2e49-2025.02.14.06.59_amd64.files
rqt_bag,0.5.1-9-gda86846-2025.02.14.07.04,https://github.com/ros-o/rqt_bag/tree/obese-devel,success,rqt_bag_0.5.1-9-gda86846-2025.02.14.07.04-bloom_generate.log,ros-one-rqt-bag_0.5.1-9-gda86846-2025.02.14.07.04_amd64-2025-02-14T07:04:53Z.build,ros-one-rqt-bag_0.5.1-9-gda86846-2025.02.14.07.04_amd64.deb,ros-one-rqt-bag_0.5.1-9-gda86846-2025.02.14.07.04_amd64.files
rqt_bag_plugins,0.5.1-9-gda86846-2025.02.14.07.07,https://github.com/ros-o/rqt_bag/tree/obese-devel,success,rqt_bag_plugins_0.5.1-9-gda86846-2025.02.14.07.07-bloom_generate.log,ros-one-rqt-bag-plugins_0.5.1-9-gda86846-2025.02.14.07.07_amd64-2025-02-14T07:07:17Z.build,ros-one-rqt-bag-plugins_0.5.1-9-gda86846-2025.02.14.07.07_amd64.deb,ros-one-rqt-bag-plugins_0.5.1-9-gda86846-2025.02.14.07.07_amd64.files
rqt_dep,0.4.12-4-gebf0f6e-2025.02.14.07.09,https://github.com/ros-visualization/rqt_dep/tree/master,success,rqt_dep_0.4.12-4-gebf0f6e-2025.02.14.07.09-bloom_generate.log,ros-one-rqt-dep_0.4.12-4-gebf0f6e-2025.02.14.07.09_amd64-2025-02-14T07:09:40Z.build,ros-one-rqt-dep_0.4.12-4-gebf0f6e-2025.02.14.07.09_amd64.deb,ros-one-rqt-dep_0.4.12-4-gebf0f6e-2025.02.14.07.09_amd64.files
rqt_moveit,0.5.9-2025.02.14.07.12,https://github.com/ros-visualization/rqt_moveit/tree/master,success,rqt_moveit_0.5.9-2025.02.14.07.12-bloom_generate.log,ros-one-rqt-moveit_0.5.9-2025.02.14.07.12_amd64-2025-02-14T07:12:03Z.build,ros-one-rqt-moveit_0.5.9-2025.02.14.07.12_amd64.deb,ros-one-rqt-moveit_0.5.9-2025.02.14.07.12_amd64.files
rviz,1.14.25-3-g250c0c28-2025.02.14.07.14,https://github.com/ros-visualization/rviz/tree/noetic-devel,success,rviz_1.14.25-3-g250c0c28-2025.02.14.07.14-bloom_generate.log,ros-one-rviz_1.14.25-3-g250c0c28-2025.02.14.07.14_amd64-2025-02-14T07:14:27Z.build,ros-one-rviz_1.14.25-3-g250c0c28-2025.02.14.07.14_amd64.deb,ros-one-rviz_1.14.25-3-g250c0c28-2025.02.14.07.14_amd64.files
timestamp_tools,1.6.9-2025.02.14.07.26,https://github.com/ros-drivers/driver_common/tree/indigo-devel,success,timestamp_tools_1.6.9-2025.02.14.07.26-bloom_generate.log,ros-one-timestamp-tools_1.6.9-2025.02.14.07.26_amd64-2025-02-14T07:26:38Z.build,ros-one-timestamp-tools_1.6.9-2025.02.14.07.26_amd64.deb,ros-one-timestamp-tools_1.6.9-2025.02.14.07.26_amd64.files
warehouse_ros_mongo,0.10.0-7-g9ba9e71-2025.02.14.07.29,https://github.com/moveit/warehouse_ros_mongo/tree/noetic-devel,success,warehouse_ros_mongo_0.10.0-7-g9ba9e71-2025.02.14.07.29-bloom_generate.log,ros-one-warehouse-ros-mongo_0.10.0-7-g9ba9e71-2025.02.14.07.29_amd64-2025-02-14T07:29:10Z.build,ros-one-warehouse-ros-mongo_0.10.0-7-g9ba9e71-2025.02.14.07.29_amd64.deb,ros-one-warehouse-ros-mongo_0.10.0-7-g9ba9e71-2025.02.14.07.29_amd64.files
warehouse_ros_sqlite,0.9.1-1-g82cb837-2025.02.14.07.32,https://github.com/moveit/warehouse_ros_sqlite/tree/master,success,warehouse_ros_sqlite_0.9.1-1-g82cb837-2025.02.14.07.32-bloom_generate.log,ros-one-warehouse-ros-sqlite_0.9.1-1-g82cb837-2025.02.14.07.32_amd64-2025-02-14T07:32:08Z.build,ros-one-warehouse-ros-sqlite_0.9.1-1-g82cb837-2025.02.14.07.32_amd64.deb,ros-one-warehouse-ros-sqlite_0.9.1-1-g82cb837-2025.02.14.07.32_amd64.files
laser_assembler,1.7.8-7-g4d7e9e1-2025.02.14.06.36,https://github.com/ros-perception/laser_assembler/tree/noetic-devel,success,laser_assembler_1.7.8-7-g4d7e9e1-2025.02.14.06.36-bloom_generate.log,ros-one-laser-assembler_1.7.8-7-g4d7e9e1-2025.02.14.06.36_amd64-2025-02-14T06:36:41Z.build,ros-one-laser-assembler_1.7.8-7-g4d7e9e1-2025.02.14.06.36_amd64.deb,ros-one-laser-assembler_1.7.8-7-g4d7e9e1-2025.02.14.06.36_amd64.files
prosilica_camera,1.9.5-2-g14080aa-2025.02.14.06.40,https://github.com/ros-o/prosilica_driver/tree/obese-devel,success,prosilica_camera_1.9.5-2-g14080aa-2025.02.14.06.40-bloom_generate.log,ros-one-prosilica-camera_1.9.5-2-g14080aa-2025.02.14.06.40_amd64-2025-02-14T06:40:13Z.build,ros-one-prosilica-camera_1.9.5-2-g14080aa-2025.02.14.06.40_amd64.deb,ros-one-prosilica-camera_1.9.5-2-g14080aa-2025.02.14.06.40_amd64.files
rgbd_launch,2.4.0-2025.02.14.06.43,https://github.com/ros-drivers/rgbd_launch/tree/noetic-devel,success,rgbd_launch_2.4.0-2025.02.14.06.43-bloom_generate.log,ros-one-rgbd-launch_2.4.0-2025.02.14.06.43_amd64-2025-02-14T06:43:41Z.build,ros-one-rgbd-launch_2.4.0-2025.02.14.06.43_amd64.deb,ros-one-rgbd-launch_2.4.0-2025.02.14.06.43_amd64.files
ros_control_boilerplate,0-2025.02.14.06.47,https://github.com/ros-o/ros_control_boilerplate/tree/obese-devel,success,ros_control_boilerplate_0-2025.02.14.06.47-bloom_generate.log,ros-one-ros-control-boilerplate_0-2025.02.14.06.47_amd64-2025-02-14T06:47:01Z.build,ros-one-ros-control-boilerplate_0-2025.02.14.06.47_amd64.deb,ros-one-ros-control-boilerplate_0-2025.02.14.06.47_amd64.files
rqt_console,0.4.12-2-gce13191-2025.02.14.06.50,https://github.com/ros-visualization/rqt_console/tree/master,success,rqt_console_0.4.12-2-gce13191-2025.02.14.06.50-bloom_generate.log,ros-one-rqt-console_0.4.12-2-gce13191-2025.02.14.06.50_amd64-2025-02-14T06:50:36Z.build,ros-one-rqt-console_0.4.12-2-gce13191-2025.02.14.06.50_amd64.deb,ros-one-rqt-console_0.4.12-2-gce13191-2025.02.14.06.50_amd64.files
rqt_tf_tree,0.6.4-2025.02.14.06.53,https://github.com/ros-visualization/rqt_tf_tree/tree/master,success,rqt_tf_tree_0.6.4-2025.02.14.06.53-bloom_generate.log,ros-one-rqt-tf-tree_0.6.4-2025.02.14.06.53_amd64-2025-02-14T06:53:01Z.build,ros-one-rqt-tf-tree_0.6.4-2025.02.14.06.53_amd64.deb,ros-one-rqt-tf-tree_0.6.4-2025.02.14.06.53_amd64.files
urg_node,0.1.18-4-gd3a14fd-2025.02.14.06.55,https://github.com/ros-o/urg_node/tree/obese-devel,success,urg_node_0.1.18-4-gd3a14fd-2025.02.14.06.55-bloom_generate.log,ros-one-urg-node_0.1.18-4-gd3a14fd-2025.02.14.06.55_amd64-2025-02-14T06:55:26Z.build,ros-one-urg-node_0.1.18-4-gd3a14fd-2025.02.14.06.55_amd64.deb,ros-one-urg-node_0.1.18-4-gd3a14fd-2025.02.14.06.55_amd64.files
moveit,1.1.16-31-g7bc8da05d-2025.02.14.07.37,https://github.com/moveit/moveit/tree/master,success,moveit_1.1.16-31-g7bc8da05d-2025.02.14.07.37-bloom_generate.log,ros-one-moveit_1.1.16-31-g7bc8da05d-2025.02.14.07.37_amd64-2025-02-14T07:37:35Z.build,ros-one-moveit_1.1.16-31-g7bc8da05d-2025.02.14.07.37_amd64.deb,ros-one-moveit_1.1.16-31-g7bc8da05d-2025.02.14.07.37_amd64.files
moveit_planners,1.1.16-31-g7bc8da05d-2025.02.14.07.40,https://github.com/moveit/moveit/tree/master,success,moveit_planners_1.1.16-31-g7bc8da05d-2025.02.14.07.40-bloom_generate.log,ros-one-moveit-planners_1.1.16-31-g7bc8da05d-2025.02.14.07.40_amd64-2025-02-14T07:40:21Z.build,ros-one-moveit-planners_1.1.16-31-g7bc8da05d-2025.02.14.07.40_amd64.deb,ros-one-moveit-planners_1.1.16-31-g7bc8da05d-2025.02.14.07.40_amd64.files
moveit_plugins,1.1.16-31-g7bc8da05d-2025.02.14.07.43,https://github.com/moveit/moveit/tree/master,success,moveit_plugins_1.1.16-31-g7bc8da05d-2025.02.14.07.43-bloom_generate.log,ros-one-moveit-plugins_1.1.16-31-g7bc8da05d-2025.02.14.07.43_amd64-2025-02-14T07:43:07Z.build,ros-one-moveit-plugins_1.1.16-31-g7bc8da05d-2025.02.14.07.43_amd64.deb,ros-one-moveit-plugins_1.1.16-31-g7bc8da05d-2025.02.14.07.43_amd64.files
moveit_resources,0.8.3-2-gb771644-2025.02.14.07.45,https://github.com/moveit/moveit_resources/tree/master,success,moveit_resources_0.8.3-2-gb771644-2025.02.14.07.45-bloom_generate.log,ros-one-moveit-resources_0.8.3-2-gb771644-2025.02.14.07.45_amd64-2025-02-14T07:45:50Z.build,ros-one-moveit-resources_0.8.3-2-gb771644-2025.02.14.07.45_amd64.deb,ros-one-moveit-resources_0.8.3-2-gb771644-2025.02.14.07.45_amd64.files
moveit_resources_dual_panda_moveit_config,0.8.3-2-gb771644-2025.02.14.07.48,https://github.com/moveit/moveit_resources/tree/master,success,moveit_resources_dual_panda_moveit_config_0.8.3-2-gb771644-2025.02.14.07.48-bloom_generate.log,ros-one-moveit-resources-dual-panda-moveit-config_0.8.3-2-gb771644-2025.02.14.07.48_amd64-2025-02-14T07:48:34Z.build,ros-one-moveit-resources-dual-panda-moveit-config_0.8.3-2-gb771644-2025.02.14.07.48_amd64.deb,ros-one-moveit-resources-dual-panda-moveit-config_0.8.3-2-gb771644-2025.02.14.07.48_amd64.files
moveit_resources_fanuc_description,0.8.3-2-gb771644-2025.02.14.07.51,https://github.com/moveit/moveit_resources/tree/master,success,moveit_resources_fanuc_description_0.8.3-2-gb771644-2025.02.14.07.51-bloom_generate.log,ros-one-moveit-resources-fanuc-description_0.8.3-2-gb771644-2025.02.14.07.51_amd64-2025-02-14T07:51:19Z.build,ros-one-moveit-resources-fanuc-description_0.8.3-2-gb771644-2025.02.14.07.51_amd64.deb,ros-one-moveit-resources-fanuc-description_0.8.3-2-gb771644-2025.02.14.07.51_amd64.files
moveit_resources_fanuc_moveit_config,0.8.3-2-gb771644-2025.02.14.07.54,https://github.com/moveit/moveit_resources/tree/master,success,moveit_resources_fanuc_moveit_config_0.8.3-2-gb771644-2025.02.14.07.54-bloom_generate.log,ros-one-moveit-resources-fanuc-moveit-config_0.8.3-2-gb771644-2025.02.14.07.54_amd64-2025-02-14T07:54:07Z.build,ros-one-moveit-resources-fanuc-moveit-config_0.8.3-2-gb771644-2025.02.14.07.54_amd64.deb,ros-one-moveit-resources-fanuc-moveit-config_0.8.3-2-gb771644-2025.02.14.07.54_amd64.files
moveit_commander,1.1.16-31-g7bc8da05d-2025.02.14.07.56,https://github.com/moveit/moveit/tree/master,success,moveit_commander_1.1.16-31-g7bc8da05d-2025.02.14.07.56-bloom_generate.log,ros-one-moveit-commander_1.1.16-31-g7bc8da05d-2025.02.14.07.56_amd64-2025-02-14T07:56:51Z.build,ros-one-moveit-commander_1.1.16-31-g7bc8da05d-2025.02.14.07.56_amd64.deb,ros-one-moveit-commander_1.1.16-31-g7bc8da05d-2025.02.14.07.56_amd64.files
moveit_resources_panda_description,0.8.3-2-gb771644-2025.02.14.07.59,https://github.com/moveit/moveit_resources/tree/master,success,moveit_resources_panda_description_0.8.3-2-gb771644-2025.02.14.07.59-bloom_generate.log,ros-one-moveit-resources-panda-description_0.8.3-2-gb771644-2025.02.14.07.59_amd64-2025-02-14T07:59:41Z.build,ros-one-moveit-resources-panda-description_0.8.3-2-gb771644-2025.02.14.07.59_amd64.deb,ros-one-moveit-resources-panda-description_0.8.3-2-gb771644-2025.02.14.07.59_amd64.files
moveit_resources_panda_moveit_config,0.8.3-2-gb771644-2025.02.14.08.02,https://github.com/moveit/moveit_resources/tree/master,success,moveit_resources_panda_moveit_config_0.8.3-2-gb771644-2025.02.14.08.02-bloom_generate.log,ros-one-moveit-resources-panda-moveit-config_0.8.3-2-gb771644-2025.02.14.08.02_amd64-2025-02-14T08:02:43Z.build,ros-one-moveit-resources-panda-moveit-config_0.8.3-2-gb771644-2025.02.14.08.02_amd64.deb,ros-one-moveit-resources-panda-moveit-config_0.8.3-2-gb771644-2025.02.14.08.02_amd64.files
moveit_resources_pr2_description,0.8.3-2-gb771644-2025.02.14.08.05,https://github.com/moveit/moveit_resources/tree/master,success,moveit_resources_pr2_description_0.8.3-2-gb771644-2025.02.14.08.05-bloom_generate.log,ros-one-moveit-resources-pr2-description_0.8.3-2-gb771644-2025.02.14.08.05_amd64-2025-02-14T08:05:31Z.build,ros-one-moveit-resources-pr2-description_0.8.3-2-gb771644-2025.02.14.08.05_amd64.deb,ros-one-moveit-resources-pr2-description_0.8.3-2-gb771644-2025.02.14.08.05_amd64.files
moveit_core,1.1.16-31-g7bc8da05d-2025.02.14.08.08,https://github.com/moveit/moveit/tree/master,success,moveit_core_1.1.16-31-g7bc8da05d-2025.02.14.08.08-bloom_generate.log,ros-one-moveit-core_1.1.16-31-g7bc8da05d-2025.02.14.08.08_amd64-2025-02-14T08:08:28Z.build,ros-one-moveit-core_1.1.16-31-g7bc8da05d-2025.02.14.08.08_amd64.deb,ros-one-moveit-core_1.1.16-31-g7bc8da05d-2025.02.14.08.08_amd64.files
chomp_motion_planner,1.1.16-31-g7bc8da05d-2025.02.14.08.17,https://github.com/moveit/moveit/tree/master,success,chomp_motion_planner_1.1.16-31-g7bc8da05d-2025.02.14.08.17-bloom_generate.log,ros-one-chomp-motion-planner_1.1.16-31-g7bc8da05d-2025.02.14.08.17_amd64-2025-02-14T08:17:27Z.build,ros-one-chomp-motion-planner_1.1.16-31-g7bc8da05d-2025.02.14.08.17_amd64.deb,ros-one-chomp-motion-planner_1.1.16-31-g7bc8da05d-2025.02.14.08.17_amd64.files
moveit_chomp_optimizer_adapter,1.1.16-31-g7bc8da05d-2025.02.14.08.21,https://github.com/moveit/moveit/tree/master,success,moveit_chomp_optimizer_adapter_1.1.16-31-g7bc8da05d-2025.02.14.08.21-bloom_generate.log,ros-one-moveit-chomp-optimizer-adapter_1.1.16-31-g7bc8da05d-2025.02.14.08.21_amd64-2025-02-14T08:21:13Z.build,ros-one-moveit-chomp-optimizer-adapter_1.1.16-31-g7bc8da05d-2025.02.14.08.21_amd64.deb,ros-one-moveit-chomp-optimizer-adapter_1.1.16-31-g7bc8da05d-2025.02.14.08.21_amd64.files
moveit_resources_prbt_ikfast_manipulator_plugin,0.8.3-2-gb771644-2025.02.14.08.24,https://github.com/moveit/moveit_resources/tree/master,success,moveit_resources_prbt_ikfast_manipulator_plugin_0.8.3-2-gb771644-2025.02.14.08.24-bloom_generate.log,ros-one-moveit-resources-prbt-ikfast-manipulator-plugin_0.8.3-2-gb771644-2025.02.14.08.24_amd64-2025-02-14T08:24:43Z.build,ros-one-moveit-resources-prbt-ikfast-manipulator-plugin_0.8.3-2-gb771644-2025.02.14.08.24_amd64.deb,ros-one-moveit-resources-prbt-ikfast-manipulator-plugin_0.8.3-2-gb771644-2025.02.14.08.24_amd64.files
moveit_resources_prbt_moveit_config,0.8.3-2-gb771644-2025.02.14.08.28,https://github.com/moveit/moveit_resources/tree/master,success,moveit_resources_prbt_moveit_config_0.8.3-2-gb771644-2025.02.14.08.28-bloom_generate.log,ros-one-moveit-resources-prbt-moveit-config_0.8.3-2-gb771644-2025.02.14.08.28_amd64-2025-02-14T08:28:37Z.build,ros-one-moveit-resources-prbt-moveit-config_0.8.3-2-gb771644-2025.02.14.08.28_amd64.deb,ros-one-moveit-resources-prbt-moveit-config_0.8.3-2-gb771644-2025.02.14.08.28_amd64.files
moveit_resources_prbt_pg70_support,0.8.3-2-gb771644-2025.02.14.08.31,https://github.com/moveit/moveit_resources/tree/master,success,moveit_resources_prbt_pg70_support_0.8.3-2-gb771644-2025.02.14.08.31-bloom_generate.log,ros-one-moveit-resources-prbt-pg70-support_0.8.3-2-gb771644-2025.02.14.08.31_amd64-2025-02-14T08:31:26Z.build,ros-one-moveit-resources-prbt-pg70-support_0.8.3-2-gb771644-2025.02.14.08.31_amd64.deb,ros-one-moveit-resources-prbt-pg70-support_0.8.3-2-gb771644-2025.02.14.08.31_amd64.files
moveit_resources_prbt_support,0.8.3-2-gb771644-2025.02.14.08.34,https://github.com/moveit/moveit_resources/tree/master,success,moveit_resources_prbt_support_0.8.3-2-gb771644-2025.02.14.08.34-bloom_generate.log,ros-one-moveit-resources-prbt-support_0.8.3-2-gb771644-2025.02.14.08.34_amd64-2025-02-14T08:34:17Z.build,ros-one-moveit-resources-prbt-support_0.8.3-2-gb771644-2025.02.14.08.34_amd64.deb,ros-one-moveit-resources-prbt-support_0.8.3-2-gb771644-2025.02.14.08.34_amd64.files
moveit_ros,1.1.16-31-g7bc8da05d-2025.02.14.08.37,https://github.com/moveit/moveit/tree/master,success,moveit_ros_1.1.16-31-g7bc8da05d-2025.02.14.08.37-bloom_generate.log,ros-one-moveit-ros_1.1.16-31-g7bc8da05d-2025.02.14.08.37_amd64-2025-02-14T08:37:09Z.build,ros-one-moveit-ros_1.1.16-31-g7bc8da05d-2025.02.14.08.37_amd64.deb,ros-one-moveit-ros_1.1.16-31-g7bc8da05d-2025.02.14.08.37_amd64.files
moveit_ros_occupancy_map_monitor,1.1.16-31-g7bc8da05d-2025.02.14.08.39,https://github.com/moveit/moveit/tree/master,success,moveit_ros_occupancy_map_monitor_1.1.16-31-g7bc8da05d-2025.02.14.08.39-bloom_generate.log,ros-one-moveit-ros-occupancy-map-monitor_1.1.16-31-g7bc8da05d-2025.02.14.08.39_amd64-2025-02-14T08:40:00Z.build,ros-one-moveit-ros-occupancy-map-monitor_1.1.16-31-g7bc8da05d-2025.02.14.08.39_amd64.deb,ros-one-moveit-ros-occupancy-map-monitor_1.1.16-31-g7bc8da05d-2025.02.14.08.39_amd64.files
moveit_ros_planning,1.1.16-31-g7bc8da05d-2025.02.14.08.43,https://github.com/moveit/moveit/tree/master,success,moveit_ros_planning_1.1.16-31-g7bc8da05d-2025.02.14.08.43-bloom_generate.log,ros-one-moveit-ros-planning_1.1.16-31-g7bc8da05d-2025.02.14.08.43_amd64-2025-02-14T08:43:42Z.build,ros-one-moveit-ros-planning_1.1.16-31-g7bc8da05d-2025.02.14.08.43_amd64.deb,ros-one-moveit-ros-planning_1.1.16-31-g7bc8da05d-2025.02.14.08.43_amd64.files
moveit_fake_controller_manager,1.1.16-31-g7bc8da05d-2025.02.14.08.50,https://github.com/moveit/moveit/tree/master,success,moveit_fake_controller_manager_1.1.16-31-g7bc8da05d-2025.02.14.08.50-bloom_generate.log,ros-one-moveit-fake-controller-manager_1.1.16-31-g7bc8da05d-2025.02.14.08.50_amd64-2025-02-14T08:50:46Z.build,ros-one-moveit-fake-controller-manager_1.1.16-31-g7bc8da05d-2025.02.14.08.50_amd64.deb,ros-one-moveit-fake-controller-manager_1.1.16-31-g7bc8da05d-2025.02.14.08.50_amd64.files
moveit_kinematics,1.1.16-31-g7bc8da05d-2025.02.14.08.54,https://github.com/moveit/moveit/tree/master,success,moveit_kinematics_1.1.16-31-g7bc8da05d-2025.02.14.08.54-bloom_generate.log,ros-one-moveit-kinematics_1.1.16-31-g7bc8da05d-2025.02.14.08.54_amd64-2025-02-14T08:54:16Z.build,ros-one-moveit-kinematics_1.1.16-31-g7bc8da05d-2025.02.14.08.54_amd64.deb,ros-one-moveit-kinematics_1.1.16-31-g7bc8da05d-2025.02.14.08.54_amd64.files
moveit_planners_ompl,1.1.16-31-g7bc8da05d-2025.02.14.08.58,https://github.com/moveit/moveit/tree/master,success,moveit_planners_ompl_1.1.16-31-g7bc8da05d-2025.02.14.08.58-bloom_generate.log,ros-one-moveit-planners-ompl_1.1.16-31-g7bc8da05d-2025.02.14.08.58_amd64-2025-02-14T08:58:18Z.build,ros-one-moveit-planners-ompl_1.1.16-31-g7bc8da05d-2025.02.14.08.58_amd64.deb,ros-one-moveit-planners-ompl_1.1.16-31-g7bc8da05d-2025.02.14.08.58_amd64.files
moveit_ros_move_group,1.1.16-31-g7bc8da05d-2025.02.14.09.03,https://github.com/moveit/moveit/tree/master,success,moveit_ros_move_group_1.1.16-31-g7bc8da05d-2025.02.14.09.03-bloom_generate.log,ros-one-moveit-ros-move-group_1.1.16-31-g7bc8da05d-2025.02.14.09.03_amd64-2025-02-14T09:03:13Z.build,ros-one-moveit-ros-move-group_1.1.16-31-g7bc8da05d-2025.02.14.09.03_amd64.deb,ros-one-moveit-ros-move-group_1.1.16-31-g7bc8da05d-2025.02.14.09.03_amd64.files
moveit_ros_manipulation,1.1.16-31-g7bc8da05d-2025.02.14.09.08,https://github.com/moveit/moveit/tree/master,success,moveit_ros_manipulation_1.1.16-31-g7bc8da05d-2025.02.14.09.08-bloom_generate.log,ros-one-moveit-ros-manipulation_1.1.16-31-g7bc8da05d-2025.02.14.09.08_amd64-2025-02-14T09:08:18Z.build,ros-one-moveit-ros-manipulation_1.1.16-31-g7bc8da05d-2025.02.14.09.08_amd64.deb,ros-one-moveit-ros-manipulation_1.1.16-31-g7bc8da05d-2025.02.14.09.08_amd64.files
moveit_ros_perception,1.1.16-31-g7bc8da05d-2025.02.14.09.12,https://github.com/moveit/moveit/tree/master,success,moveit_ros_perception_1.1.16-31-g7bc8da05d-2025.02.14.09.12-bloom_generate.log,ros-one-moveit-ros-perception_1.1.16-31-g7bc8da05d-2025.02.14.09.12_amd64-2025-02-14T09:12:57Z.build,ros-one-moveit-ros-perception_1.1.16-31-g7bc8da05d-2025.02.14.09.12_amd64.deb,ros-one-moveit-ros-perception_1.1.16-31-g7bc8da05d-2025.02.14.09.12_amd64.files
moveit_ros_robot_interaction,1.1.16-31-g7bc8da05d-2025.02.14.09.17,https://github.com/moveit/moveit/tree/master,success,moveit_ros_robot_interaction_1.1.16-31-g7bc8da05d-2025.02.14.09.17-bloom_generate.log,ros-one-moveit-ros-robot-interaction_1.1.16-31-g7bc8da05d-2025.02.14.09.17_amd64-2025-02-14T09:17:54Z.build,ros-one-moveit-ros-robot-interaction_1.1.16-31-g7bc8da05d-2025.02.14.09.17_amd64.deb,ros-one-moveit-ros-robot-interaction_1.1.16-31-g7bc8da05d-2025.02.14.09.17_amd64.files
moveit_ros_warehouse,1.1.16-31-g7bc8da05d-2025.02.14.09.21,https://github.com/moveit/moveit/tree/master,success,moveit_ros_warehouse_1.1.16-31-g7bc8da05d-2025.02.14.09.21-bloom_generate.log,ros-one-moveit-ros-warehouse_1.1.16-31-g7bc8da05d-2025.02.14.09.21_amd64-2025-02-14T09:21:51Z.build,ros-one-moveit-ros-warehouse_1.1.16-31-g7bc8da05d-2025.02.14.09.21_amd64.deb,ros-one-moveit-ros-warehouse_1.1.16-31-g7bc8da05d-2025.02.14.09.21_amd64.files
moveit_ros_benchmarks,1.1.16-31-g7bc8da05d-2025.02.14.09.26,https://github.com/moveit/moveit/tree/master,success,moveit_ros_benchmarks_1.1.16-31-g7bc8da05d-2025.02.14.09.26-bloom_generate.log,ros-one-moveit-ros-benchmarks_1.1.16-31-g7bc8da05d-2025.02.14.09.26_amd64-2025-02-14T09:26:36Z.build,ros-one-moveit-ros-benchmarks_1.1.16-31-g7bc8da05d-2025.02.14.09.26_amd64.deb,ros-one-moveit-ros-benchmarks_1.1.16-31-g7bc8da05d-2025.02.14.09.26_amd64.files
moveit_ros_planning_interface,1.1.16-31-g7bc8da05d-2025.02.14.09.30,https://github.com/moveit/moveit/tree/master,success,moveit_ros_planning_interface_1.1.16-31-g7bc8da05d-2025.02.14.09.30-bloom_generate.log,ros-one-moveit-ros-planning-interface_1.1.16-31-g7bc8da05d-2025.02.14.09.30_amd64-2025-02-14T09:30:58Z.build,ros-one-moveit-ros-planning-interface_1.1.16-31-g7bc8da05d-2025.02.14.09.30_amd64.deb,ros-one-moveit-ros-planning-interface_1.1.16-31-g7bc8da05d-2025.02.14.09.30_amd64.files
moveit_planners_chomp,1.1.16-31-g7bc8da05d-2025.02.14.09.36,https://github.com/moveit/moveit/tree/master,success,moveit_planners_chomp_1.1.16-31-g7bc8da05d-2025.02.14.09.36-bloom_generate.log,ros-one-moveit-planners-chomp_1.1.16-31-g7bc8da05d-2025.02.14.09.36_amd64-2025-02-14T09:36:20Z.build,ros-one-moveit-planners-chomp_1.1.16-31-g7bc8da05d-2025.02.14.09.36_amd64.deb,ros-one-moveit-planners-chomp_1.1.16-31-g7bc8da05d-2025.02.14.09.36_amd64.files
moveit_ros_visualization,1.1.16-31-g7bc8da05d-2025.02.14.09.39,https://github.com/moveit/moveit/tree/master,success,moveit_ros_visualization_1.1.16-31-g7bc8da05d-2025.02.14.09.39-bloom_generate.log,ros-one-moveit-ros-visualization_1.1.16-31-g7bc8da05d-2025.02.14.09.39_amd64-2025-02-14T09:40:00Z.build,ros-one-moveit-ros-visualization_1.1.16-31-g7bc8da05d-2025.02.14.09.39_amd64.deb,ros-one-moveit-ros-visualization_1.1.16-31-g7bc8da05d-2025.02.14.09.39_amd64.files
moveit_runtime,1.1.16-31-g7bc8da05d-2025.02.14.09.47,https://github.com/moveit/moveit/tree/master,success,moveit_runtime_1.1.16-31-g7bc8da05d-2025.02.14.09.47-bloom_generate.log,ros-one-moveit-runtime_1.1.16-31-g7bc8da05d-2025.02.14.09.47_amd64-2025-02-14T09:47:37Z.build,ros-one-moveit-runtime_1.1.16-31-g7bc8da05d-2025.02.14.09.47_amd64.deb,ros-one-moveit-runtime_1.1.16-31-g7bc8da05d-2025.02.14.09.47_amd64.files
moveit_servo,1.1.16-31-g7bc8da05d-2025.02.14.09.50,https://github.com/moveit/moveit/tree/master,success,moveit_servo_1.1.16-31-g7bc8da05d-2025.02.14.09.50-bloom_generate.log,ros-one-moveit-servo_1.1.16-31-g7bc8da05d-2025.02.14.09.50_amd64-2025-02-14T09:50:36Z.build,ros-one-moveit-servo_1.1.16-31-g7bc8da05d-2025.02.14.09.50_amd64.deb,ros-one-moveit-servo_1.1.16-31-g7bc8da05d-2025.02.14.09.50_amd64.files
moveit_setup_assistant,1.1.16-31-g7bc8da05d-2025.02.14.09.55,https://github.com/moveit/moveit/tree/master,success,moveit_setup_assistant_1.1.16-31-g7bc8da05d-2025.02.14.09.55-bloom_generate.log,ros-one-moveit-setup-assistant_1.1.16-31-g7bc8da05d-2025.02.14.09.55_amd64-2025-02-14T09:55:48Z.build,ros-one-moveit-setup-assistant_1.1.16-31-g7bc8da05d-2025.02.14.09.55_amd64.deb,ros-one-moveit-setup-assistant_1.1.16-31-g7bc8da05d-2025.02.14.09.55_amd64.files
moveit_simple_controller_manager,1.1.16-31-g7bc8da05d-2025.02.14.10.02,https://github.com/moveit/moveit/tree/master,success,moveit_simple_controller_manager_1.1.16-31-g7bc8da05d-2025.02.14.10.02-bloom_generate.log,ros-one-moveit-simple-controller-manager_1.1.16-31-g7bc8da05d-2025.02.14.10.02_amd64-2025-02-14T10:02:31Z.build,ros-one-moveit-simple-controller-manager_1.1.16-31-g7bc8da05d-2025.02.14.10.02_amd64.deb,ros-one-moveit-simple-controller-manager_1.1.16-31-g7bc8da05d-2025.02.14.10.02_amd64.files
moveit_ros_control_interface,1.1.16-31-g7bc8da05d-2025.02.14.10.06,https://github.com/moveit/moveit/tree/master,success,moveit_ros_control_interface_1.1.16-31-g7bc8da05d-2025.02.14.10.06-bloom_generate.log,ros-one-moveit-ros-control-interface_1.1.16-31-g7bc8da05d-2025.02.14.10.06_amd64-2025-02-14T10:06:23Z.build,ros-one-moveit-ros-control-interface_1.1.16-31-g7bc8da05d-2025.02.14.10.06_amd64.deb,ros-one-moveit-ros-control-interface_1.1.16-31-g7bc8da05d-2025.02.14.10.06_amd64.files
pilz_industrial_motion_planner_testutils,1.1.16-31-g7bc8da05d-2025.02.14.10.10,https://github.com/moveit/moveit/tree/master,success,pilz_industrial_motion_planner_testutils_1.1.16-31-g7bc8da05d-2025.02.14.10.10-bloom_generate.log,ros-one-pilz-industrial-motion-planner-testutils_1.1.16-31-g7bc8da05d-2025.02.14.10.10_amd64-2025-02-14T10:10:15Z.build,ros-one-pilz-industrial-motion-planner-testutils_1.1.16-31-g7bc8da05d-2025.02.14.10.10_amd64.deb,ros-one-pilz-industrial-motion-planner-testutils_1.1.16-31-g7bc8da05d-2025.02.14.10.10_amd64.files
pilz_industrial_motion_planner,1.1.16-31-g7bc8da05d-2025.02.14.10.14,https://github.com/moveit/moveit/tree/master,success,pilz_industrial_motion_planner_1.1.16-31-g7bc8da05d-2025.02.14.10.14-bloom_generate.log,ros-one-pilz-industrial-motion-planner_1.1.16-31-g7bc8da05d-2025.02.14.10.14_amd64-2025-02-14T10:14:10Z.build,ros-one-pilz-industrial-motion-planner_1.1.16-31-g7bc8da05d-2025.02.14.10.14_amd64.deb,ros-one-pilz-industrial-motion-planner_1.1.16-31-g7bc8da05d-2025.02.14.10.14_amd64.files
easy_markers,0.3.0-2025.02.14.07.37,https://github.com/DLu/wu_ros_tools/tree/noetic,success,easy_markers_0.3.0-2025.02.14.07.37-bloom_generate.log,ros-one-easy-markers_0.3.0-2025.02.14.07.37_amd64-2025-02-14T07:37:25Z.build,ros-one-easy-markers_0.3.0-2025.02.14.07.37_amd64.deb,ros-one-easy-markers_0.3.0-2025.02.14.07.37_amd64.files
ethercat_trigger_controllers,1.10.18-3-g8e8dfa0-2025.02.14.07.40,https://github.com/pr2/pr2_controllers/tree/melodic-devel,success,ethercat_trigger_controllers_1.10.18-3-g8e8dfa0-2025.02.14.07.40-bloom_generate.log,ros-one-ethercat-trigger-controllers_1.10.18-3-g8e8dfa0-2025.02.14.07.40_amd64-2025-02-14T07:40:33Z.build,ros-one-ethercat-trigger-controllers_1.10.18-3-g8e8dfa0-2025.02.14.07.40_amd64.deb,ros-one-ethercat-trigger-controllers_1.10.18-3-g8e8dfa0-2025.02.14.07.40_amd64.files
franka_description,0.8.1-370-gaf3214a-2025.02.14.07.43,https://github.com/rhaschke/franka_ros/tree/ros-o,success,franka_description_0.8.1-370-gaf3214a-2025.02.14.07.43-bloom_generate.log,ros-one-franka-description_0.8.1-370-gaf3214a-2025.02.14.07.43_amd64-2025-02-14T07:43:45Z.build,ros-one-franka-description_0.8.1-370-gaf3214a-2025.02.14.07.43_amd64.deb,ros-one-franka-description_0.8.1-370-gaf3214a-2025.02.14.07.43_amd64.files
franka_gripper,0.8.1-370-gaf3214a-2025.02.14.07.46,https://github.com/rhaschke/franka_ros/tree/ros-o,success,franka_gripper_0.8.1-370-gaf3214a-2025.02.14.07.46-bloom_generate.log,ros-one-franka-gripper_0.8.1-370-gaf3214a-2025.02.14.07.46_amd64-2025-02-14T07:46:35Z.build,ros-one-franka-gripper_0.8.1-370-gaf3214a-2025.02.14.07.46_amd64.deb,ros-one-franka-gripper_0.8.1-370-gaf3214a-2025.02.14.07.46_amd64.files
franka_msgs,0.8.1-370-gaf3214a-2025.02.14.07.50,https://github.com/rhaschke/franka_ros/tree/ros-o,success,franka_msgs_0.8.1-370-gaf3214a-2025.02.14.07.50-bloom_generate.log,ros-one-franka-msgs_0.8.1-370-gaf3214a-2025.02.14.07.50_amd64-2025-02-14T07:50:23Z.build,ros-one-franka-msgs_0.8.1-370-gaf3214a-2025.02.14.07.50_amd64.deb,ros-one-franka-msgs_0.8.1-370-gaf3214a-2025.02.14.07.50_amd64.files
franka_hw,0.8.1-370-gaf3214a-2025.02.14.07.53,https://github.com/rhaschke/franka_ros/tree/ros-o,success,franka_hw_0.8.1-370-gaf3214a-2025.02.14.07.53-bloom_generate.log,ros-one-franka-hw_0.8.1-370-gaf3214a-2025.02.14.07.53_amd64-2025-02-14T07:53:19Z.build,ros-one-franka-hw_0.8.1-370-gaf3214a-2025.02.14.07.53_amd64.deb,ros-one-franka-hw_0.8.1-370-gaf3214a-2025.02.14.07.53_amd64.files
franka_control,0.8.1-370-gaf3214a-2025.02.14.07.57,https://github.com/rhaschke/franka_ros/tree/ros-o,success,franka_control_0.8.1-370-gaf3214a-2025.02.14.07.57-bloom_generate.log,ros-one-franka-control_0.8.1-370-gaf3214a-2025.02.14.07.57_amd64-2025-02-14T07:57:05Z.build,ros-one-franka-control_0.8.1-370-gaf3214a-2025.02.14.07.57_amd64.deb,ros-one-franka-control_0.8.1-370-gaf3214a-2025.02.14.07.57_amd64.files
franka_example_controllers,0.8.1-370-gaf3214a-2025.02.14.08.00,https://github.com/rhaschke/franka_ros/tree/ros-o,success,franka_example_controllers_0.8.1-370-gaf3214a-2025.02.14.08.00-bloom_generate.log,ros-one-franka-example-controllers_0.8.1-370-gaf3214a-2025.02.14.08.00_amd64-2025-02-14T08:00:43Z.build,ros-one-franka-example-controllers_0.8.1-370-gaf3214a-2025.02.14.08.00_amd64.deb,ros-one-franka-example-controllers_0.8.1-370-gaf3214a-2025.02.14.08.00_amd64.files
franka_gazebo,0.8.1-370-gaf3214a-2025.02.14.08.05,https://github.com/rhaschke/franka_ros/tree/ros-o,failed-sbuild,franka_gazebo_0.8.1-370-gaf3214a-2025.02.14.08.05-bloom_generate.log,ros-one-franka-gazebo_0.8.1-370-gaf3214a-2025.02.14.08.05_amd64-2025-02-14T08:05:41Z.build,,
franka_ros,0.8.1-370-gaf3214a-2025.02.14.08.08,https://github.com/rhaschke/franka_ros/tree/ros-o,success,franka_ros_0.8.1-370-gaf3214a-2025.02.14.08.08-bloom_generate.log,ros-one-franka-ros_0.8.1-370-gaf3214a-2025.02.14.08.08_amd64-2025-02-14T08:08:17Z.build,ros-one-franka-ros_0.8.1-370-gaf3214a-2025.02.14.08.08_amd64.deb,ros-one-franka-ros_0.8.1-370-gaf3214a-2025.02.14.08.08_amd64.files
franka_visualization,0.8.1-370-gaf3214a-2025.02.14.08.11,https://github.com/rhaschke/franka_ros/tree/ros-o,success,franka_visualization_0.8.1-370-gaf3214a-2025.02.14.08.11-bloom_generate.log,ros-one-franka-visualization_0.8.1-370-gaf3214a-2025.02.14.08.11_amd64-2025-02-14T08:11:06Z.build,ros-one-franka-visualization_0.8.1-370-gaf3214a-2025.02.14.08.11_amd64.deb,ros-one-franka-visualization_0.8.1-370-gaf3214a-2025.02.14.08.11_amd64.files
interactive_marker_tutorials,0-2025.02.14.08.14,https://github.com/ros-o/visualization_tutorials/tree/obese-devel,success,interactive_marker_tutorials_0-2025.02.14.08.14-bloom_generate.log,ros-one-interactive-marker-tutorials_0-2025.02.14.08.14_amd64-2025-02-14T08:14:25Z.build,ros-one-interactive-marker-tutorials_0-2025.02.14.08.14_amd64.deb,ros-one-interactive-marker-tutorials_0-2025.02.14.08.14_amd64.files
joy_listener,0.3.0-2025.02.14.08.17,https://github.com/DLu/wu_ros_tools/tree/noetic,success,joy_listener_0.3.0-2025.02.14.08.17-bloom_generate.log,ros-one-joy-listener_0.3.0-2025.02.14.08.17_amd64-2025-02-14T08:17:54Z.build,ros-one-joy-listener_0.3.0-2025.02.14.08.17_amd64.deb,ros-one-joy-listener_0.3.0-2025.02.14.08.17_amd64.files
kalman_filter,0.3.0-2025.02.14.08.20,https://github.com/DLu/wu_ros_tools/tree/noetic,success,kalman_filter_0.3.0-2025.02.14.08.20-bloom_generate.log,ros-one-kalman-filter_0.3.0-2025.02.14.08.20_amd64-2025-02-14T08:20:52Z.build,ros-one-kalman-filter_0.3.0-2025.02.14.08.20_amd64.deb,ros-one-kalman-filter_0.3.0-2025.02.14.08.20_amd64.files
librviz_tutorial,0-2025.02.14.08.23,https://github.com/ros-o/visualization_tutorials/tree/obese-devel,success,librviz_tutorial_0-2025.02.14.08.23-bloom_generate.log,ros-one-librviz-tutorial_0-2025.02.14.08.23_amd64-2025-02-14T08:23:53Z.build,ros-one-librviz-tutorial_0-2025.02.14.08.23_amd64.deb,ros-one-librviz-tutorial_0-2025.02.14.08.23_amd64.files
pr2_controllers,1.10.18-3-g8e8dfa0-2025.02.14.08.27,https://github.com/pr2/pr2_controllers/tree/melodic-devel,success,pr2_controllers_1.10.18-3-g8e8dfa0-2025.02.14.08.27-bloom_generate.log,ros-one-pr2-controllers_1.10.18-3-g8e8dfa0-2025.02.14.08.27_amd64-2025-02-14T08:27:39Z.build,ros-one-pr2-controllers_1.10.18-3-g8e8dfa0-2025.02.14.08.27_amd64.deb,ros-one-pr2-controllers_1.10.18-3-g8e8dfa0-2025.02.14.08.27_amd64.files
pr2_controllers_msgs,1.10.18-3-g8e8dfa0-2025.02.14.08.30,https://github.com/pr2/pr2_controllers/tree/melodic-devel,success,pr2_controllers_msgs_1.10.18-3-g8e8dfa0-2025.02.14.08.30-bloom_generate.log,ros-one-pr2-controllers-msgs_1.10.18-3-g8e8dfa0-2025.02.14.08.30_amd64-2025-02-14T08:30:29Z.build,ros-one-pr2-controllers-msgs_1.10.18-3-g8e8dfa0-2025.02.14.08.30_amd64.deb,ros-one-pr2-controllers-msgs_1.10.18-3-g8e8dfa0-2025.02.14.08.30_amd64.files
joint_trajectory_action,1.10.18-3-g8e8dfa0-2025.02.14.08.33,https://github.com/pr2/pr2_controllers/tree/melodic-devel,success,joint_trajectory_action_1.10.18-3-g8e8dfa0-2025.02.14.08.33-bloom_generate.log,ros-one-joint-trajectory-action_1.10.18-3-g8e8dfa0-2025.02.14.08.33_amd64-2025-02-14T08:33:33Z.build,ros-one-joint-trajectory-action_1.10.18-3-g8e8dfa0-2025.02.14.08.33_amd64.deb,ros-one-joint-trajectory-action_1.10.18-3-g8e8dfa0-2025.02.14.08.33_amd64.files
pr2_head_action,1.10.18-3-g8e8dfa0-2025.02.14.08.36,https://github.com/pr2/pr2_controllers/tree/melodic-devel,success,pr2_head_action_1.10.18-3-g8e8dfa0-2025.02.14.08.36-bloom_generate.log,ros-one-pr2-head-action_1.10.18-3-g8e8dfa0-2025.02.14.08.36_amd64-2025-02-14T08:36:49Z.build,ros-one-pr2-head-action_1.10.18-3-g8e8dfa0-2025.02.14.08.36_amd64.deb,ros-one-pr2-head-action_1.10.18-3-g8e8dfa0-2025.02.14.08.36_amd64.files
qb_device,0-2025.02.14.08.40,https://github.com/ros-o/qbdevice-ros/tree/obese-devel,success,qb_device_0-2025.02.14.08.40-bloom_generate.log,ros-one-qb-device_0-2025.02.14.08.40_amd64-2025-02-14T08:40:16Z.build,ros-one-qb-device_0-2025.02.14.08.40_amd64.deb,ros-one-qb-device_0-2025.02.14.08.40_amd64.files
qb_device_bringup,0-2025.02.14.08.43,https://github.com/ros-o/qbdevice-ros/tree/obese-devel,success,qb_device_bringup_0-2025.02.14.08.43-bloom_generate.log,ros-one-qb-device-bringup_0-2025.02.14.08.43_amd64-2025-02-14T08:43:06Z.build,ros-one-qb-device-bringup_0-2025.02.14.08.43_amd64.deb,ros-one-qb-device-bringup_0-2025.02.14.08.43_amd64.files
qb_device_description,0-2025.02.14.08.45,https://github.com/ros-o/qbdevice-ros/tree/obese-devel,success,qb_device_description_0-2025.02.14.08.45-bloom_generate.log,ros-one-qb-device-description_0-2025.02.14.08.45_amd64-2025-02-14T08:45:59Z.build,ros-one-qb-device-description_0-2025.02.14.08.45_amd64.deb,ros-one-qb-device-description_0-2025.02.14.08.45_amd64.files
qb_device_gazebo,0-2025.02.14.08.48,https://github.com/ros-o/qbdevice-ros/tree/obese-devel,failed-sbuild,qb_device_gazebo_0-2025.02.14.08.48-bloom_generate.log,ros-one-qb-device-gazebo_0-2025.02.14.08.48_amd64-2025-02-14T08:48:48Z.build,,
qb_device_msgs,0-2025.02.14.08.51,https://github.com/ros-o/qbdevice-ros/tree/obese-devel,success,qb_device_msgs_0-2025.02.14.08.51-bloom_generate.log,ros-one-qb-device-msgs_0-2025.02.14.08.51_amd64-2025-02-14T08:51:24Z.build,ros-one-qb-device-msgs_0-2025.02.14.08.51_amd64.deb,ros-one-qb-device-msgs_0-2025.02.14.08.51_amd64.files
qb_device_srvs,0-2025.02.14.08.54,https://github.com/ros-o/qbdevice-ros/tree/obese-devel,success,qb_device_srvs_0-2025.02.14.08.54-bloom_generate.log,ros-one-qb-device-srvs_0-2025.02.14.08.54_amd64-2025-02-14T08:54:23Z.build,ros-one-qb-device-srvs_0-2025.02.14.08.54_amd64.deb,ros-one-qb-device-srvs_0-2025.02.14.08.54_amd64.files
qb_device_hardware_interface,0-2025.02.14.08.57,https://github.com/ros-o/qbdevice-ros/tree/obese-devel,success,qb_device_hardware_interface_0-2025.02.14.08.57-bloom_generate.log,ros-one-qb-device-hardware-interface_0-2025.02.14.08.57_amd64-2025-02-14T08:57:20Z.build,ros-one-qb-device-hardware-interface_0-2025.02.14.08.57_amd64.deb,ros-one-qb-device-hardware-interface_0-2025.02.14.08.57_amd64.files
qb_device_utils,0-2025.02.14.09.00,https://github.com/ros-o/qbdevice-ros/tree/obese-devel,success,qb_device_utils_0-2025.02.14.09.00-bloom_generate.log,ros-one-qb-device-utils_0-2025.02.14.09.00_amd64-2025-02-14T09:00:41Z.build,ros-one-qb-device-utils_0-2025.02.14.09.00_amd64.deb,ros-one-qb-device-utils_0-2025.02.14.09.00_amd64.files
qb_device_control,0-2025.02.14.09.03,https://github.com/ros-o/qbdevice-ros/tree/obese-devel,success,qb_device_control_0-2025.02.14.09.03-bloom_generate.log,ros-one-qb-device-control_0-2025.02.14.09.03_amd64-2025-02-14T09:03:40Z.build,ros-one-qb-device-control_0-2025.02.14.09.03_amd64.deb,ros-one-qb-device-control_0-2025.02.14.09.03_amd64.files
qb_device_driver,0-2025.02.14.09.07,https://github.com/ros-o/qbdevice-ros/tree/obese-devel,success,qb_device_driver_0-2025.02.14.09.07-bloom_generate.log,ros-one-qb-device-driver_0-2025.02.14.09.07_amd64-2025-02-14T09:07:31Z.build,ros-one-qb-device-driver_0-2025.02.14.09.07_amd64.deb,ros-one-qb-device-driver_0-2025.02.14.09.07_amd64.files
robot_mechanism_controllers,1.10.18-3-g8e8dfa0-2025.02.14.09.10,https://github.com/pr2/pr2_controllers/tree/melodic-devel,success,robot_mechanism_controllers_1.10.18-3-g8e8dfa0-2025.02.14.09.10-bloom_generate.log,ros-one-robot-mechanism-controllers_1.10.18-3-g8e8dfa0-2025.02.14.09.10_amd64-2025-02-14T09:10:58Z.build,ros-one-robot-mechanism-controllers_1.10.18-3-g8e8dfa0-2025.02.14.09.10_amd64.deb,ros-one-robot-mechanism-controllers_1.10.18-3-g8e8dfa0-2025.02.14.09.10_amd64.files
pr2_mechanism_controllers,1.10.18-3-g8e8dfa0-2025.02.14.09.15,https://github.com/pr2/pr2_controllers/tree/melodic-devel,success,pr2_mechanism_controllers_1.10.18-3-g8e8dfa0-2025.02.14.09.15-bloom_generate.log,ros-one-pr2-mechanism-controllers_1.10.18-3-g8e8dfa0-2025.02.14.09.15_amd64-2025-02-14T09:15:14Z.build,ros-one-pr2-mechanism-controllers_1.10.18-3-g8e8dfa0-2025.02.14.09.15_amd64.deb,ros-one-pr2-mechanism-controllers_1.10.18-3-g8e8dfa0-2025.02.14.09.15_amd64.files
pr2_calibration_controllers,1.10.18-3-g8e8dfa0-2025.02.14.09.19,https://github.com/pr2/pr2_controllers/tree/melodic-devel,success,pr2_calibration_controllers_1.10.18-3-g8e8dfa0-2025.02.14.09.19-bloom_generate.log,ros-one-pr2-calibration-controllers_1.10.18-3-g8e8dfa0-2025.02.14.09.19_amd64-2025-02-14T09:19:18Z.build,ros-one-pr2-calibration-controllers_1.10.18-3-g8e8dfa0-2025.02.14.09.19_amd64.deb,ros-one-pr2-calibration-controllers_1.10.18-3-g8e8dfa0-2025.02.14.09.19_amd64.files
pr2_gripper_action,1.10.18-3-g8e8dfa0-2025.02.14.09.22,https://github.com/pr2/pr2_controllers/tree/melodic-devel,success,pr2_gripper_action_1.10.18-3-g8e8dfa0-2025.02.14.09.22-bloom_generate.log,ros-one-pr2-gripper-action_1.10.18-3-g8e8dfa0-2025.02.14.09.22_amd64-2025-02-14T09:22:54Z.build,ros-one-pr2-gripper-action_1.10.18-3-g8e8dfa0-2025.02.14.09.22_amd64.deb,ros-one-pr2-gripper-action_1.10.18-3-g8e8dfa0-2025.02.14.09.22_amd64.files
rosbaglive,0.3.0-2025.02.14.09.26,https://github.com/DLu/wu_ros_tools/tree/noetic,success,rosbaglive_0.3.0-2025.02.14.09.26-bloom_generate.log,ros-one-rosbaglive_0.3.0-2025.02.14.09.26_amd64-2025-02-14T09:26:22Z.build,ros-one-rosbaglive_0.3.0-2025.02.14.09.26_amd64.deb,ros-one-rosbaglive_0.3.0-2025.02.14.09.26_amd64.files
rviz_plugin_tutorials,0-2025.02.14.09.29,https://github.com/ros-o/visualization_tutorials/tree/obese-devel,success,rviz_plugin_tutorials_0-2025.02.14.09.29-bloom_generate.log,ros-one-rviz-plugin-tutorials_0-2025.02.14.09.29_amd64-2025-02-14T09:29:29Z.build,ros-one-rviz-plugin-tutorials_0-2025.02.14.09.29_amd64.deb,ros-one-rviz-plugin-tutorials_0-2025.02.14.09.29_amd64.files
rviz_python_tutorial,0-2025.02.14.09.33,https://github.com/ros-o/visualization_tutorials/tree/obese-devel,success,rviz_python_tutorial_0-2025.02.14.09.33-bloom_generate.log,ros-one-rviz-python-tutorial_0-2025.02.14.09.33_amd64-2025-02-14T09:33:30Z.build,ros-one-rviz-python-tutorial_0-2025.02.14.09.33_amd64.deb,ros-one-rviz-python-tutorial_0-2025.02.14.09.33_amd64.files
single_joint_position_action,1.10.18-3-g8e8dfa0-2025.02.14.09.37,https://github.com/pr2/pr2_controllers/tree/melodic-devel,success,single_joint_position_action_1.10.18-3-g8e8dfa0-2025.02.14.09.37-bloom_generate.log,ros-one-single-joint-position-action_1.10.18-3-g8e8dfa0-2025.02.14.09.37_amd64-2025-02-14T09:37:03Z.build,ros-one-single-joint-position-action_1.10.18-3-g8e8dfa0-2025.02.14.09.37_amd64.deb,ros-one-single-joint-position-action_1.10.18-3-g8e8dfa0-2025.02.14.09.37_amd64.files
visualization_marker_tutorials,0-2025.02.14.09.40,https://github.com/ros-o/visualization_tutorials/tree/obese-devel,success,visualization_marker_tutorials_0-2025.02.14.09.40-bloom_generate.log,ros-one-visualization-marker-tutorials_0-2025.02.14.09.40_amd64-2025-02-14T09:40:21Z.build,ros-one-visualization-marker-tutorials_0-2025.02.14.09.40_amd64.deb,ros-one-visualization-marker-tutorials_0-2025.02.14.09.40_amd64.files
visualization_tutorials,0-2025.02.14.09.43,https://github.com/ros-o/visualization_tutorials/tree/obese-devel,success,visualization_tutorials_0-2025.02.14.09.43-bloom_generate.log,ros-one-visualization-tutorials_0-2025.02.14.09.43_amd64-2025-02-14T09:43:31Z.build,ros-one-visualization-tutorials_0-2025.02.14.09.43_amd64.deb,ros-one-visualization-tutorials_0-2025.02.14.09.43_amd64.files
wu_ros_tools,0.3.0-2025.02.14.09.46,https://github.com/DLu/wu_ros_tools/tree/noetic,success,wu_ros_tools_0.3.0-2025.02.14.09.46-bloom_generate.log,ros-one-wu-ros-tools_0.3.0-2025.02.14.09.46_amd64-2025-02-14T09:46:28Z.build,ros-one-wu-ros-tools_0.3.0-2025.02.14.09.46_amd64.deb,ros-one-wu-ros-tools_0.3.0-2025.02.14.09.46_amd64.files
agni_tf_tools,0.1.6-4-geee30f6-2025.02.14.07.37,https://github.com/ubi-agni/agni_tf_tools/tree/master,success,agni_tf_tools_0.1.6-4-geee30f6-2025.02.14.07.37-bloom_generate.log,ros-one-agni-tf-tools_0.1.6-4-geee30f6-2025.02.14.07.37_amd64-2025-02-14T07:37:24Z.build,ros-one-agni-tf-tools_0.1.6-4-geee30f6-2025.02.14.07.37_amd64.deb,ros-one-agni-tf-tools_0.1.6-4-geee30f6-2025.02.14.07.37_amd64.files
ethercat_hardware,1.9.0-5-g80a45bf-2025.02.14.07.41,https://github.com/pr2/pr2_ethercat_drivers/tree/kinetic-devel,failed-sbuild,ethercat_hardware_1.9.0-5-g80a45bf-2025.02.14.07.41-bloom_generate.log,ros-one-ethercat-hardware_1.9.0-5-g80a45bf-2025.02.14.07.41_amd64-2025-02-14T07:41:35Z.build,,
fake_joint,0.0.4-6-g1e5d5a2-2025.02.14.07.45,https://github.com/ros-o/fake_joint/tree/obese-devel,success,fake_joint_0.0.4-6-g1e5d5a2-2025.02.14.07.45-bloom_generate.log,ros-one-fake-joint_0.0.4-6-g1e5d5a2-2025.02.14.07.45_amd64-2025-02-14T07:45:16Z.build,ros-one-fake-joint_0.0.4-6-g1e5d5a2-2025.02.14.07.45_amd64.deb,ros-one-fake-joint_0.0.4-6-g1e5d5a2-2025.02.14.07.45_amd64.files
fake_joint_driver,0.0.4-6-g1e5d5a2-2025.02.14.07.47,https://github.com/ros-o/fake_joint/tree/obese-devel,success,fake_joint_driver_0.0.4-6-g1e5d5a2-2025.02.14.07.47-bloom_generate.log,ros-one-fake-joint-driver_0.0.4-6-g1e5d5a2-2025.02.14.07.47_amd64-2025-02-14T07:48:00Z.build,ros-one-fake-joint-driver_0.0.4-6-g1e5d5a2-2025.02.14.07.47_amd64.deb,ros-one-fake-joint-driver_0.0.4-6-g1e5d5a2-2025.02.14.07.47_amd64.files
fake_joint_launch,0.0.4-6-g1e5d5a2-2025.02.14.07.51,https://github.com/ros-o/fake_joint/tree/obese-devel,success,fake_joint_launch_0.0.4-6-g1e5d5a2-2025.02.14.07.51-bloom_generate.log,ros-one-fake-joint-launch_0.0.4-6-g1e5d5a2-2025.02.14.07.51_amd64-2025-02-14T07:51:08Z.build,ros-one-fake-joint-launch_0.0.4-6-g1e5d5a2-2025.02.14.07.51_amd64.deb,ros-one-fake-joint-launch_0.0.4-6-g1e5d5a2-2025.02.14.07.51_amd64.files
fingertip_pressure,1.9.0-5-g80a45bf-2025.02.14.07.54,https://github.com/pr2/pr2_ethercat_drivers/tree/kinetic-devel,success,fingertip_pressure_1.9.0-5-g80a45bf-2025.02.14.07.54-bloom_generate.log,ros-one-fingertip-pressure_1.9.0-5-g80a45bf-2025.02.14.07.54_amd64-2025-02-14T07:54:26Z.build,ros-one-fingertip-pressure_1.9.0-5-g80a45bf-2025.02.14.07.54_amd64.deb,ros-one-fingertip-pressure_1.9.0-5-g80a45bf-2025.02.14.07.54_amd64.files
freenect_camera,0.4.3-2025.02.14.07.57,https://github.com/ros-drivers/freenect_stack/tree/master,success,freenect_camera_0.4.3-2025.02.14.07.57-bloom_generate.log,ros-one-freenect-camera_0.4.3-2025.02.14.07.57_amd64-2025-02-14T07:57:21Z.build,ros-one-freenect-camera_0.4.3-2025.02.14.07.57_amd64.deb,ros-one-freenect-camera_0.4.3-2025.02.14.07.57_amd64.files
freenect_launch,0.4.3-2025.02.14.08.00,https://github.com/ros-drivers/freenect_stack/tree/master,success,freenect_launch_0.4.3-2025.02.14.08.00-bloom_generate.log,ros-one-freenect-launch_0.4.3-2025.02.14.08.00_amd64-2025-02-14T08:00:44Z.build,ros-one-freenect-launch_0.4.3-2025.02.14.08.00_amd64.deb,ros-one-freenect-launch_0.4.3-2025.02.14.08.00_amd64.files
freenect_stack,0.4.3-2025.02.14.08.03,https://github.com/ros-drivers/freenect_stack/tree/master,success,freenect_stack_0.4.3-2025.02.14.08.03-bloom_generate.log,ros-one-freenect-stack_0.4.3-2025.02.14.08.03_amd64-2025-02-14T08:03:28Z.build,ros-one-freenect-stack_0.4.3-2025.02.14.08.03_amd64.deb,ros-one-freenect-stack_0.4.3-2025.02.14.08.03_amd64.files
laser_filtering,0.0.5-2025.02.14.08.06,https://github.com/DLu/laser_filtering/tree/noetic,success,laser_filtering_0.0.5-2025.02.14.08.06-bloom_generate.log,ros-one-laser-filtering_0.0.5-2025.02.14.08.06_amd64-2025-02-14T08:06:13Z.build,ros-one-laser-filtering_0.0.5-2025.02.14.08.06_amd64.deb,ros-one-laser-filtering_0.0.5-2025.02.14.08.06_amd64.files
laser_pipeline,1.6.4-2025.02.14.08.08,https://github.com/ros-perception/laser_pipeline/tree/noetic-devel,success,laser_pipeline_1.6.4-2025.02.14.08.08-bloom_generate.log,ros-one-laser-pipeline_1.6.4-2025.02.14.08.08_amd64-2025-02-14T08:08:57Z.build,ros-one-laser-pipeline_1.6.4-2025.02.14.08.08_amd64.deb,ros-one-laser-pipeline_1.6.4-2025.02.14.08.08_amd64.files
map_laser,0.0.5-2025.02.14.08.11,https://github.com/DLu/laser_filtering/tree/noetic,success,map_laser_0.0.5-2025.02.14.08.11-bloom_generate.log,ros-one-map-laser_0.0.5-2025.02.14.08.11_amd64-2025-02-14T08:11:43Z.build,ros-one-map-laser_0.0.5-2025.02.14.08.11_amd64.deb,ros-one-map-laser_0.0.5-2025.02.14.08.11_amd64.files
openni2_camera,0-2025.02.14.08.14,https://github.com/ros-o/openni2_camera/tree/obese-devel,success,openni2_camera_0-2025.02.14.08.14-bloom_generate.log,ros-one-openni2-camera_0-2025.02.14.08.14_amd64-2025-02-14T08:14:50Z.build,ros-one-openni2-camera_0-2025.02.14.08.14_amd64.deb,ros-one-openni2-camera_0-2025.02.14.08.14_amd64.files
openni2_launch,0-2025.02.14.08.18,https://github.com/ros-o/openni2_camera/tree/obese-devel,success,openni2_launch_0-2025.02.14.08.18-bloom_generate.log,ros-one-openni2-launch_0-2025.02.14.08.18_amd64-2025-02-14T08:18:28Z.build,ros-one-openni2-launch_0-2025.02.14.08.18_amd64.deb,ros-one-openni2-launch_0-2025.02.14.08.18_amd64.files
openni_camera,0-2025.02.14.08.21,https://github.com/ros-o/openni_camera/tree/obese-devel,success,openni_camera_0-2025.02.14.08.21-bloom_generate.log,ros-one-openni-camera_0-2025.02.14.08.21_amd64-2025-02-14T08:21:26Z.build,ros-one-openni-camera_0-2025.02.14.08.21_amd64.deb,ros-one-openni-camera_0-2025.02.14.08.21_amd64.files
openni_description,0-2025.02.14.08.25,https://github.com/ros-o/openni_camera/tree/obese-devel,success,openni_description_0-2025.02.14.08.25-bloom_generate.log,ros-one-openni-description_0-2025.02.14.08.25_amd64-2025-02-14T08:25:17Z.build,ros-one-openni-description_0-2025.02.14.08.25_amd64.deb,ros-one-openni-description_0-2025.02.14.08.25_amd64.files
openni_launch,0-2025.02.14.08.28,https://github.com/ros-o/openni_camera/tree/obese-devel,success,openni_launch_0-2025.02.14.08.28-bloom_generate.log,ros-one-openni-launch_0-2025.02.14.08.28_amd64-2025-02-14T08:28:08Z.build,ros-one-openni-launch_0-2025.02.14.08.28_amd64.deb,ros-one-openni-launch_0-2025.02.14.08.28_amd64.files
pr2_ethercat_drivers,1.9.0-5-g80a45bf-2025.02.14.08.31,https://github.com/pr2/pr2_ethercat_drivers/tree/kinetic-devel,success,pr2_ethercat_drivers_1.9.0-5-g80a45bf-2025.02.14.08.31-bloom_generate.log,ros-one-pr2-ethercat-drivers_1.9.0-5-g80a45bf-2025.02.14.08.31_amd64-2025-02-14T08:31:05Z.build,ros-one-pr2-ethercat-drivers_1.9.0-5-g80a45bf-2025.02.14.08.31_amd64.deb,ros-one-pr2-ethercat-drivers_1.9.0-5-g80a45bf-2025.02.14.08.31_amd64.files
rqt_launch,0.4.9-8-g6813b09-2025.02.14.08.33,https://github.com/ros-visualization/rqt_launch/tree/master,success,rqt_launch_0.4.9-8-g6813b09-2025.02.14.08.33-bloom_generate.log,ros-one-rqt-launch_0.4.9-8-g6813b09-2025.02.14.08.33_amd64-2025-02-14T08:33:52Z.build,ros-one-rqt-launch_0.4.9-8-g6813b09-2025.02.14.08.33_amd64.deb,ros-one-rqt-launch_0.4.9-8-g6813b09-2025.02.14.08.33_amd64.files
rqt_msg,0.4.10-5-gcd226dd-2025.02.14.08.37,https://github.com/ros-visualization/rqt_msg/tree/master,success,rqt_msg_0.4.10-5-gcd226dd-2025.02.14.08.37-bloom_generate.log,ros-one-rqt-msg_0.4.10-5-gcd226dd-2025.02.14.08.37_amd64-2025-02-14T08:37:05Z.build,ros-one-rqt-msg_0.4.10-5-gcd226dd-2025.02.14.08.37_amd64.deb,ros-one-rqt-msg_0.4.10-5-gcd226dd-2025.02.14.08.37_amd64.files
rqt_reconfigure,0.5.5-3-g988179e-2025.02.14.08.39,https://github.com/ros-visualization/rqt_reconfigure/tree/master,success,rqt_reconfigure_0.5.5-3-g988179e-2025.02.14.08.39-bloom_generate.log,ros-one-rqt-reconfigure_0.5.5-3-g988179e-2025.02.14.08.39_amd64-2025-02-14T08:39:55Z.build,ros-one-rqt-reconfigure_0.5.5-3-g988179e-2025.02.14.08.39_amd64.deb,ros-one-rqt-reconfigure_0.5.5-3-g988179e-2025.02.14.08.39_amd64.files
rqt_robot_monitor,0.5.12-2025.02.14.08.42,https://github.com/ros-visualization/rqt_robot_monitor/tree/master,success,rqt_robot_monitor_0.5.12-2025.02.14.08.42-bloom_generate.log,ros-one-rqt-robot-monitor_0.5.12-2025.02.14.08.42_amd64-2025-02-14T08:42:43Z.build,ros-one-rqt-robot-monitor_0.5.12-2025.02.14.08.42_amd64.deb,ros-one-rqt-robot-monitor_0.5.12-2025.02.14.08.42_amd64.files
rqt_rviz,0.7.0-1-gdef41cd-2025.02.14.08.45,https://github.com/ros-visualization/rqt_rviz/tree/melodic-devel,success,rqt_rviz_0.7.0-1-gdef41cd-2025.02.14.08.45-bloom_generate.log,ros-one-rqt-rviz_0.7.0-1-gdef41cd-2025.02.14.08.45_amd64-2025-02-14T08:45:34Z.build,ros-one-rqt-rviz_0.7.0-1-gdef41cd-2025.02.14.08.45_amd64.deb,ros-one-rqt-rviz_0.7.0-1-gdef41cd-2025.02.14.08.45_amd64.files
rviz_visual_tools,3.9.3-7-g147b1cd-2025.02.14.08.49,https://github.com/PickNikRobotics/rviz_visual_tools/tree/master,success,rviz_visual_tools_3.9.3-7-g147b1cd-2025.02.14.08.49-bloom_generate.log,ros-one-rviz-visual-tools_3.9.3-7-g147b1cd-2025.02.14.08.49_amd64-2025-02-14T08:49:19Z.build,ros-one-rviz-visual-tools_3.9.3-7-g147b1cd-2025.02.14.08.49_amd64.deb,ros-one-rviz-visual-tools_3.9.3-7-g147b1cd-2025.02.14.08.49_amd64.files
scaled_controllers,0.1.1-4-gb2fff50-2025.02.14.08.53,https://github.com/UniversalRobots/Universal_Robots_ROS_scaled_controllers/tree/main,success,scaled_controllers_0.1.1-4-gb2fff50-2025.02.14.08.53-bloom_generate.log,ros-one-scaled-controllers_0.1.1-4-gb2fff50-2025.02.14.08.53_amd64-2025-02-14T08:53:37Z.build,ros-one-scaled-controllers_0.1.1-4-gb2fff50-2025.02.14.08.53_amd64.deb,ros-one-scaled-controllers_0.1.1-4-gb2fff50-2025.02.14.08.53_amd64.files
scaled_joint_trajectory_controller,0.1.1-4-gb2fff50-2025.02.14.08.56,https://github.com/UniversalRobots/Universal_Robots_ROS_scaled_controllers/tree/main,success,scaled_joint_trajectory_controller_0.1.1-4-gb2fff50-2025.02.14.08.56-bloom_generate.log,ros-one-scaled-joint-trajectory-controller_0.1.1-4-gb2fff50-2025.02.14.08.56_amd64-2025-02-14T08:56:26Z.build,ros-one-scaled-joint-trajectory-controller_0.1.1-4-gb2fff50-2025.02.14.08.56_amd64.deb,ros-one-scaled-joint-trajectory-controller_0.1.1-4-gb2fff50-2025.02.14.08.56_amd64.files
speed_scaling_interface,0.1.1-4-gb2fff50-2025.02.14.09.00,https://github.com/UniversalRobots/Universal_Robots_ROS_scaled_controllers/tree/main,success,speed_scaling_interface_0.1.1-4-gb2fff50-2025.02.14.09.00-bloom_generate.log,ros-one-speed-scaling-interface_0.1.1-4-gb2fff50-2025.02.14.09.00_amd64-2025-02-14T09:00:10Z.build,ros-one-speed-scaling-interface_0.1.1-4-gb2fff50-2025.02.14.09.00_amd64.deb,ros-one-speed-scaling-interface_0.1.1-4-gb2fff50-2025.02.14.09.00_amd64.files
speed_scaling_state_controller,0.1.1-4-gb2fff50-2025.02.14.09.03,https://github.com/UniversalRobots/Universal_Robots_ROS_scaled_controllers/tree/main,success,speed_scaling_state_controller_0.1.1-4-gb2fff50-2025.02.14.09.03-bloom_generate.log,ros-one-speed-scaling-state-controller_0.1.1-4-gb2fff50-2025.02.14.09.03_amd64-2025-02-14T09:03:07Z.build,ros-one-speed-scaling-state-controller_0.1.1-4-gb2fff50-2025.02.14.09.03_amd64.deb,ros-one-speed-scaling-state-controller_0.1.1-4-gb2fff50-2025.02.14.09.03_amd64.files
urdf_tutorial,0.5.0-2025.02.14.09.06,https://github.com/ros/urdf_tutorial/tree/master,success,urdf_tutorial_0.5.0-2025.02.14.09.06-bloom_generate.log,ros-one-urdf-tutorial_0.5.0-2025.02.14.09.06_amd64-2025-02-14T09:06:18Z.build,ros-one-urdf-tutorial_0.5.0-2025.02.14.09.06_amd64.deb,ros-one-urdf-tutorial_0.5.0-2025.02.14.09.06_amd64.files
wge100_camera,1.8.5-4-g9768e2e-2025.02.14.09.09,https://github.com/ros-o/wge100_driver/tree/obese-devel,success,wge100_camera_1.8.5-4-g9768e2e-2025.02.14.09.09-bloom_generate.log,ros-one-wge100-camera_1.8.5-4-g9768e2e-2025.02.14.09.09_amd64-2025-02-14T09:09:20Z.build,ros-one-wge100-camera_1.8.5-4-g9768e2e-2025.02.14.09.09_amd64.deb,ros-one-wge100-camera_1.8.5-4-g9768e2e-2025.02.14.09.09_amd64.files
wge100_camera_firmware,1.8.5-4-g9768e2e-2025.02.14.09.13,https://github.com/ros-o/wge100_driver/tree/obese-devel,success,wge100_camera_firmware_1.8.5-4-g9768e2e-2025.02.14.09.13-bloom_generate.log,ros-one-wge100-camera-firmware_1.8.5-4-g9768e2e-2025.02.14.09.13_amd64-2025-02-14T09:13:07Z.build,ros-one-wge100-camera-firmware_1.8.5-4-g9768e2e-2025.02.14.09.13_amd64.deb,ros-one-wge100-camera-firmware_1.8.5-4-g9768e2e-2025.02.14.09.13_amd64.files
wge100_driver,1.8.5-4-g9768e2e-2025.02.14.09.16,https://github.com/ros-o/wge100_driver/tree/obese-devel,success,wge100_driver_1.8.5-4-g9768e2e-2025.02.14.09.16-bloom_generate.log,ros-one-wge100-driver_1.8.5-4-g9768e2e-2025.02.14.09.16_amd64-2025-02-14T09:16:09Z.build,ros-one-wge100-driver_1.8.5-4-g9768e2e-2025.02.14.09.16_amd64.deb,ros-one-wge100-driver_1.8.5-4-g9768e2e-2025.02.14.09.16_amd64.files
fetch_calibration,0.9.1-5-g11f8df9-2025.02.14.10.25,https://github.com/ros-o/fetch_ros/tree/obese-devel,success,fetch_calibration_0.9.1-5-g11f8df9-2025.02.14.10.25-bloom_generate.log,ros-one-fetch-calibration_0.9.1-5-g11f8df9-2025.02.14.10.25_amd64-2025-02-14T10:25:51Z.build,ros-one-fetch-calibration_0.9.1-5-g11f8df9-2025.02.14.10.25_amd64.deb,ros-one-fetch-calibration_0.9.1-5-g11f8df9-2025.02.14.10.25_amd64.files
fetch_depth_layer,0.9.1-5-g11f8df9-2025.02.14.10.29,https://github.com/ros-o/fetch_ros/tree/obese-devel,success,fetch_depth_layer_0.9.1-5-g11f8df9-2025.02.14.10.29-bloom_generate.log,ros-one-fetch-depth-layer_0.9.1-5-g11f8df9-2025.02.14.10.29_amd64-2025-02-14T10:29:10Z.build,ros-one-fetch-depth-layer_0.9.1-5-g11f8df9-2025.02.14.10.29_amd64.deb,ros-one-fetch-depth-layer_0.9.1-5-g11f8df9-2025.02.14.10.29_amd64.files
fetch_description,0.9.1-5-g11f8df9-2025.02.14.10.33,https://github.com/ros-o/fetch_ros/tree/obese-devel,success,fetch_description_0.9.1-5-g11f8df9-2025.02.14.10.33-bloom_generate.log,ros-one-fetch-description_0.9.1-5-g11f8df9-2025.02.14.10.33_amd64-2025-02-14T10:33:44Z.build,ros-one-fetch-description_0.9.1-5-g11f8df9-2025.02.14.10.33_amd64.deb,ros-one-fetch-description_0.9.1-5-g11f8df9-2025.02.14.10.33_amd64.files
fetch_ikfast_plugin,0.9.1-5-g11f8df9-2025.02.14.10.37,https://github.com/ros-o/fetch_ros/tree/obese-devel,success,fetch_ikfast_plugin_0.9.1-5-g11f8df9-2025.02.14.10.37-bloom_generate.log,ros-one-fetch-ikfast-plugin_0.9.1-5-g11f8df9-2025.02.14.10.37_amd64-2025-02-14T10:37:14Z.build,ros-one-fetch-ikfast-plugin_0.9.1-5-g11f8df9-2025.02.14.10.37_amd64.deb,ros-one-fetch-ikfast-plugin_0.9.1-5-g11f8df9-2025.02.14.10.37_amd64.files
fetch_maps,0.9.1-5-g11f8df9-2025.02.14.10.41,https://github.com/ros-o/fetch_ros/tree/obese-devel,success,fetch_maps_0.9.1-5-g11f8df9-2025.02.14.10.41-bloom_generate.log,ros-one-fetch-maps_0.9.1-5-g11f8df9-2025.02.14.10.41_amd64-2025-02-14T10:41:29Z.build,ros-one-fetch-maps_0.9.1-5-g11f8df9-2025.02.14.10.41_amd64.deb,ros-one-fetch-maps_0.9.1-5-g11f8df9-2025.02.14.10.41_amd64.files
fetch_moveit_config,0.9.1-5-g11f8df9-2025.02.14.10.44,https://github.com/ros-o/fetch_ros/tree/obese-devel,success,fetch_moveit_config_0.9.1-5-g11f8df9-2025.02.14.10.44-bloom_generate.log,ros-one-fetch-moveit-config_0.9.1-5-g11f8df9-2025.02.14.10.44_amd64-2025-02-14T10:44:49Z.build,ros-one-fetch-moveit-config_0.9.1-5-g11f8df9-2025.02.14.10.44_amd64.deb,ros-one-fetch-moveit-config_0.9.1-5-g11f8df9-2025.02.14.10.44_amd64.files
fetch_navigation,0.9.1-5-g11f8df9-2025.02.14.10.48,https://github.com/ros-o/fetch_ros/tree/obese-devel,success,fetch_navigation_0.9.1-5-g11f8df9-2025.02.14.10.48-bloom_generate.log,ros-one-fetch-navigation_0.9.1-5-g11f8df9-2025.02.14.10.48_amd64-2025-02-14T10:48:26Z.build,ros-one-fetch-navigation_0.9.1-5-g11f8df9-2025.02.14.10.48_amd64.deb,ros-one-fetch-navigation_0.9.1-5-g11f8df9-2025.02.14.10.48_amd64.files
fetch_ros,0.9.1-5-g11f8df9-2025.02.14.10.51,https://github.com/ros-o/fetch_ros/tree/obese-devel,success,fetch_ros_0.9.1-5-g11f8df9-2025.02.14.10.51-bloom_generate.log,ros-one-fetch-ros_0.9.1-5-g11f8df9-2025.02.14.10.51_amd64-2025-02-14T10:51:47Z.build,ros-one-fetch-ros_0.9.1-5-g11f8df9-2025.02.14.10.51_amd64.deb,ros-one-fetch-ros_0.9.1-5-g11f8df9-2025.02.14.10.51_amd64.files
fetch_teleop,0.9.1-5-g11f8df9-2025.02.14.10.55,https://github.com/ros-o/fetch_ros/tree/obese-devel,success,fetch_teleop_0.9.1-5-g11f8df9-2025.02.14.10.55-bloom_generate.log,ros-one-fetch-teleop_0.9.1-5-g11f8df9-2025.02.14.10.55_amd64-2025-02-14T10:55:08Z.build,ros-one-fetch-teleop_0.9.1-5-g11f8df9-2025.02.14.10.55_amd64.deb,ros-one-fetch-teleop_0.9.1-5-g11f8df9-2025.02.14.10.55_amd64.files
bio_ik,0-2025.02.14.10.24,https://github.com/TAMS-Group/bio_ik/tree/master,success,bio_ik_0-2025.02.14.10.24-bloom_generate.log,ros-one-bio-ik_0-2025.02.14.10.24_amd64-2025-02-14T10:24:05Z.build,ros-one-bio-ik_0-2025.02.14.10.24_amd64.deb,ros-one-bio-ik_0-2025.02.14.10.24_amd64.files
industrial_core,0.7.3-7-ge4d2633-2025.02.14.10.28,https://github.com/ros-o/industrial_core/tree/obese-devel,success,industrial_core_0.7.3-7-ge4d2633-2025.02.14.10.28-bloom_generate.log,ros-one-industrial-core_0.7.3-7-ge4d2633-2025.02.14.10.28_amd64-2025-02-14T10:28:56Z.build,ros-one-industrial-core_0.7.3-7-ge4d2633-2025.02.14.10.28_amd64.deb,ros-one-industrial-core_0.7.3-7-ge4d2633-2025.02.14.10.28_amd64.files
industrial_deprecated,0.7.3-7-ge4d2633-2025.02.14.10.32,https://github.com/ros-o/industrial_core/tree/obese-devel,success,industrial_deprecated_0.7.3-7-ge4d2633-2025.02.14.10.32-bloom_generate.log,ros-one-industrial-deprecated_0.7.3-7-ge4d2633-2025.02.14.10.32_amd64-2025-02-14T10:32:14Z.build,ros-one-industrial-deprecated_0.7.3-7-ge4d2633-2025.02.14.10.32_amd64.deb,ros-one-industrial-deprecated_0.7.3-7-ge4d2633-2025.02.14.10.32_amd64.files
industrial_msgs,0.7.3-7-ge4d2633-2025.02.14.10.35,https://github.com/ros-o/industrial_core/tree/obese-devel,success,industrial_msgs_0.7.3-7-ge4d2633-2025.02.14.10.35-bloom_generate.log,ros-one-industrial-msgs_0.7.3-7-ge4d2633-2025.02.14.10.35_amd64-2025-02-14T10:35:37Z.build,ros-one-industrial-msgs_0.7.3-7-ge4d2633-2025.02.14.10.35_amd64.deb,ros-one-industrial-msgs_0.7.3-7-ge4d2633-2025.02.14.10.35_amd64.files
industrial_robot_simulator,0.7.3-7-ge4d2633-2025.02.14.10.39,https://github.com/ros-o/industrial_core/tree/obese-devel,success,industrial_robot_simulator_0.7.3-7-ge4d2633-2025.02.14.10.39-bloom_generate.log,ros-one-industrial-robot-simulator_0.7.3-7-ge4d2633-2025.02.14.10.39_amd64-2025-02-14T10:39:06Z.build,ros-one-industrial-robot-simulator_0.7.3-7-ge4d2633-2025.02.14.10.39_amd64.deb,ros-one-industrial-robot-simulator_0.7.3-7-ge4d2633-2025.02.14.10.39_amd64.files
industrial_trajectory_filters,0.7.3-7-ge4d2633-2025.02.14.10.42,https://github.com/ros-o/industrial_core/tree/obese-devel,success,industrial_trajectory_filters_0.7.3-7-ge4d2633-2025.02.14.10.42-bloom_generate.log,ros-one-industrial-trajectory-filters_0.7.3-7-ge4d2633-2025.02.14.10.42_amd64-2025-02-14T10:42:23Z.build,ros-one-industrial-trajectory-filters_0.7.3-7-ge4d2633-2025.02.14.10.42_amd64.deb,ros-one-industrial-trajectory-filters_0.7.3-7-ge4d2633-2025.02.14.10.42_amd64.files
industrial_utils,0.7.3-7-ge4d2633-2025.02.14.10.46,https://github.com/ros-o/industrial_core/tree/obese-devel,success,industrial_utils_0.7.3-7-ge4d2633-2025.02.14.10.46-bloom_generate.log,ros-one-industrial-utils_0.7.3-7-ge4d2633-2025.02.14.10.46_amd64-2025-02-14T10:46:32Z.build,ros-one-industrial-utils_0.7.3-7-ge4d2633-2025.02.14.10.46_amd64.deb,ros-one-industrial-utils_0.7.3-7-ge4d2633-2025.02.14.10.46_amd64.files
simple_message,0.7.3-7-ge4d2633-2025.02.14.10.50,https://github.com/ros-o/industrial_core/tree/obese-devel,success,simple_message_0.7.3-7-ge4d2633-2025.02.14.10.50-bloom_generate.log,ros-one-simple-message_0.7.3-7-ge4d2633-2025.02.14.10.50_amd64-2025-02-14T10:50:08Z.build,ros-one-simple-message_0.7.3-7-ge4d2633-2025.02.14.10.50_amd64.deb,ros-one-simple-message_0.7.3-7-ge4d2633-2025.02.14.10.50_amd64.files
industrial_robot_client,0.7.3-7-ge4d2633-2025.02.14.10.54,https://github.com/ros-o/industrial_core/tree/obese-devel,success,industrial_robot_client_0.7.3-7-ge4d2633-2025.02.14.10.54-bloom_generate.log,ros-one-industrial-robot-client_0.7.3-7-ge4d2633-2025.02.14.10.54_amd64-2025-02-14T10:54:56Z.build,ros-one-industrial-robot-client_0.7.3-7-ge4d2633-2025.02.14.10.54_amd64.deb,ros-one-industrial-robot-client_0.7.3-7-ge4d2633-2025.02.14.10.54_amd64.files
imu_monitor,1.6.32-21-gcb63b5d-2025.02.14.10.29,https://github.com/pr2/pr2_robot/tree/kinetic-devel,success,imu_monitor_1.6.32-21-gcb63b5d-2025.02.14.10.29-bloom_generate.log,ros-one-imu-monitor_1.6.32-21-gcb63b5d-2025.02.14.10.29_amd64-2025-02-14T10:29:26Z.build,ros-one-imu-monitor_1.6.32-21-gcb63b5d-2025.02.14.10.29_amd64.deb,ros-one-imu-monitor_1.6.32-21-gcb63b5d-2025.02.14.10.29_amd64.files
pr2_bringup,1.6.32-21-gcb63b5d-2025.02.14.10.32,https://github.com/pr2/pr2_robot/tree/kinetic-devel,success,pr2_bringup_1.6.32-21-gcb63b5d-2025.02.14.10.32-bloom_generate.log,ros-one-pr2-bringup_1.6.32-21-gcb63b5d-2025.02.14.10.32_amd64-2025-02-14T10:32:44Z.build,ros-one-pr2-bringup_1.6.32-21-gcb63b5d-2025.02.14.10.32_amd64.deb,ros-one-pr2-bringup_1.6.32-21-gcb63b5d-2025.02.14.10.32_amd64.files
pr2_camera_synchronizer,1.6.32-21-gcb63b5d-2025.02.14.10.36,https://github.com/pr2/pr2_robot/tree/kinetic-devel,success,pr2_camera_synchronizer_1.6.32-21-gcb63b5d-2025.02.14.10.36-bloom_generate.log,ros-one-pr2-camera-synchronizer_1.6.32-21-gcb63b5d-2025.02.14.10.36_amd64-2025-02-14T10:36:14Z.build,ros-one-pr2-camera-synchronizer_1.6.32-21-gcb63b5d-2025.02.14.10.36_amd64.deb,ros-one-pr2-camera-synchronizer_1.6.32-21-gcb63b5d-2025.02.14.10.36_amd64.files
pr2_computer_monitor,1.6.32-21-gcb63b5d-2025.02.14.10.39,https://github.com/pr2/pr2_robot/tree/kinetic-devel,success,pr2_computer_monitor_1.6.32-21-gcb63b5d-2025.02.14.10.39-bloom_generate.log,ros-one-pr2-computer-monitor_1.6.32-21-gcb63b5d-2025.02.14.10.39_amd64-2025-02-14T10:39:55Z.build,ros-one-pr2-computer-monitor_1.6.32-21-gcb63b5d-2025.02.14.10.39_amd64.deb,ros-one-pr2-computer-monitor_1.6.32-21-gcb63b5d-2025.02.14.10.39_amd64.files
pr2_controller_configuration,1.6.32-21-gcb63b5d-2025.02.14.10.43,https://github.com/pr2/pr2_robot/tree/kinetic-devel,success,pr2_controller_configuration_1.6.32-21-gcb63b5d-2025.02.14.10.43-bloom_generate.log,ros-one-pr2-controller-configuration_1.6.32-21-gcb63b5d-2025.02.14.10.43_amd64-2025-02-14T10:43:30Z.build,ros-one-pr2-controller-configuration_1.6.32-21-gcb63b5d-2025.02.14.10.43_amd64.deb,ros-one-pr2-controller-configuration_1.6.32-21-gcb63b5d-2025.02.14.10.43_amd64.files
pr2_ethercat,1.6.32-21-gcb63b5d-2025.02.14.10.47,https://github.com/pr2/pr2_robot/tree/kinetic-devel,failed-sbuild,pr2_ethercat_1.6.32-21-gcb63b5d-2025.02.14.10.47-bloom_generate.log,ros-one-pr2-ethercat_1.6.32-21-gcb63b5d-2025.02.14.10.47_amd64-2025-02-14T10:47:02Z.build,,
pr2_robot,1.6.32-21-gcb63b5d-2025.02.14.10.50,https://github.com/pr2/pr2_robot/tree/kinetic-devel,success,pr2_robot_1.6.32-21-gcb63b5d-2025.02.14.10.50-bloom_generate.log,ros-one-pr2-robot_1.6.32-21-gcb63b5d-2025.02.14.10.50_amd64-2025-02-14T10:50:05Z.build,ros-one-pr2-robot_1.6.32-21-gcb63b5d-2025.02.14.10.50_amd64.deb,ros-one-pr2-robot_1.6.32-21-gcb63b5d-2025.02.14.10.50_amd64.files
pr2_run_stop_auto_restart,1.6.32-21-gcb63b5d-2025.02.14.10.53,https://github.com/pr2/pr2_robot/tree/kinetic-devel,success,pr2_run_stop_auto_restart_1.6.32-21-gcb63b5d-2025.02.14.10.53-bloom_generate.log,ros-one-pr2-run-stop-auto-restart_1.6.32-21-gcb63b5d-2025.02.14.10.53_amd64-2025-02-14T10:53:24Z.build,ros-one-pr2-run-stop-auto-restart_1.6.32-21-gcb63b5d-2025.02.14.10.53_amd64.deb,ros-one-pr2-run-stop-auto-restart_1.6.32-21-gcb63b5d-2025.02.14.10.53_amd64.files
urdf_sim_tutorial,0.5.1-1-g3c5a4f7-2025.02.14.10.56,https://github.com/ros/urdf_sim_tutorial/tree/ros1,success,urdf_sim_tutorial_0.5.1-1-g3c5a4f7-2025.02.14.10.56-bloom_generate.log,ros-one-urdf-sim-tutorial_0.5.1-1-g3c5a4f7-2025.02.14.10.56_amd64-2025-02-14T10:56:59Z.build,ros-one-urdf-sim-tutorial_0.5.1-1-g3c5a4f7-2025.02.14.10.56_amd64.deb,ros-one-urdf-sim-tutorial_0.5.1-1-g3c5a4f7-2025.02.14.10.56_amd64.files
moveit_task_constructor_msgs,1-0.1.3-122-gbad8e13-2025.02.14.10.27,https://github.com/moveit/moveit_task_constructor/tree/master,success,moveit_task_constructor_msgs_1-0.1.3-122-gbad8e13-2025.02.14.10.27-bloom_generate.log,ros-one-moveit-task-constructor-msgs_1-0.1.3-122-gbad8e13-2025.02.14.10.27_amd64-2025-02-14T10:27:32Z.build,ros-one-moveit-task-constructor-msgs_1-0.1.3-122-gbad8e13-2025.02.14.10.27_amd64.deb,ros-one-moveit-task-constructor-msgs_1-0.1.3-122-gbad8e13-2025.02.14.10.27_amd64.files
pr2_arm_kinematics,1.0.11-4-gffb1be8-2025.02.14.10.30,https://github.com/PR2/pr2_kinematics/tree/noetic-devel,success,pr2_arm_kinematics_1.0.11-4-gffb1be8-2025.02.14.10.30-bloom_generate.log,ros-one-pr2-arm-kinematics_1.0.11-4-gffb1be8-2025.02.14.10.30_amd64-2025-02-14T10:31:00Z.build,ros-one-pr2-arm-kinematics_1.0.11-4-gffb1be8-2025.02.14.10.30_amd64.deb,ros-one-pr2-arm-kinematics_1.0.11-4-gffb1be8-2025.02.14.10.30_amd64.files
pr2_kinematics,1.0.11-4-gffb1be8-2025.02.14.10.35,https://github.com/PR2/pr2_kinematics/tree/noetic-devel,success,pr2_kinematics_1.0.11-4-gffb1be8-2025.02.14.10.35-bloom_generate.log,ros-one-pr2-kinematics_1.0.11-4-gffb1be8-2025.02.14.10.35_amd64-2025-02-14T10:35:17Z.build,ros-one-pr2-kinematics_1.0.11-4-gffb1be8-2025.02.14.10.35_amd64.deb,ros-one-pr2-kinematics_1.0.11-4-gffb1be8-2025.02.14.10.35_amd64.files
robot_body_filter,1.3.2-1-g4ebbd32-2025.02.14.10.38,https://github.com/peci1/robot_body_filter/tree/master,success,robot_body_filter_1.3.2-1-g4ebbd32-2025.02.14.10.38-bloom_generate.log,ros-one-robot-body-filter_1.3.2-1-g4ebbd32-2025.02.14.10.38_amd64-2025-02-14T10:38:37Z.build,ros-one-robot-body-filter_1.3.2-1-g4ebbd32-2025.02.14.10.38_amd64.deb,ros-one-robot-body-filter_1.3.2-1-g4ebbd32-2025.02.14.10.38_amd64.files
rviz_marker_tools,1-0.1.3-122-gbad8e13-2025.02.14.10.44,https://github.com/moveit/moveit_task_constructor/tree/master,success,rviz_marker_tools_1-0.1.3-122-gbad8e13-2025.02.14.10.44-bloom_generate.log,ros-one-rviz-marker-tools_1-0.1.3-122-gbad8e13-2025.02.14.10.44_amd64-2025-02-14T10:44:20Z.build,ros-one-rviz-marker-tools_1-0.1.3-122-gbad8e13-2025.02.14.10.44_amd64.deb,ros-one-rviz-marker-tools_1-0.1.3-122-gbad8e13-2025.02.14.10.44_amd64.files
moveit_task_constructor_core,1-0.1.3-122-gbad8e13-2025.02.14.10.47,https://github.com/moveit/moveit_task_constructor/tree/master,success,moveit_task_constructor_core_1-0.1.3-122-gbad8e13-2025.02.14.10.47-bloom_generate.log,ros-one-moveit-task-constructor-core_1-0.1.3-122-gbad8e13-2025.02.14.10.47_amd64-2025-02-14T10:47:51Z.build,ros-one-moveit-task-constructor-core_1-0.1.3-122-gbad8e13-2025.02.14.10.47_amd64.deb,ros-one-moveit-task-constructor-core_1-0.1.3-122-gbad8e13-2025.02.14.10.47_amd64.files
moveit_task_constructor_capabilities,1-0.1.3-122-gbad8e13-2025.02.14.10.55,https://github.com/moveit/moveit_task_constructor/tree/master,success,moveit_task_constructor_capabilities_1-0.1.3-122-gbad8e13-2025.02.14.10.55-bloom_generate.log,ros-one-moveit-task-constructor-capabilities_1-0.1.3-122-gbad8e13-2025.02.14.10.55_amd64-2025-02-14T10:55:18Z.build,ros-one-moveit-task-constructor-capabilities_1-0.1.3-122-gbad8e13-2025.02.14.10.55_amd64.deb,ros-one-moveit-task-constructor-capabilities_1-0.1.3-122-gbad8e13-2025.02.14.10.55_amd64.files
moveit_task_constructor_demo,1-0.1.3-122-gbad8e13-2025.02.14.10.59,https://github.com/moveit/moveit_task_constructor/tree/master,success,moveit_task_constructor_demo_1-0.1.3-122-gbad8e13-2025.02.14.10.59-bloom_generate.log,ros-one-moveit-task-constructor-demo_1-0.1.3-122-gbad8e13-2025.02.14.10.59_amd64-2025-02-14T10:59:39Z.build,ros-one-moveit-task-constructor-demo_1-0.1.3-122-gbad8e13-2025.02.14.10.59_amd64.deb,ros-one-moveit-task-constructor-demo_1-0.1.3-122-gbad8e13-2025.02.14.10.59_amd64.files
moveit_task_constructor_visualization,1-0.1.3-122-gbad8e13-2025.02.14.11.04,https://github.com/moveit/moveit_task_constructor/tree/master,success,moveit_task_constructor_visualization_1-0.1.3-122-gbad8e13-2025.02.14.11.04-bloom_generate.log,ros-one-moveit-task-constructor-visualization_1-0.1.3-122-gbad8e13-2025.02.14.11.04_amd64-2025-02-14T11:04:14Z.build,ros-one-moveit-task-constructor-visualization_1-0.1.3-122-gbad8e13-2025.02.14.11.04_amd64.deb,ros-one-moveit-task-constructor-visualization_1-0.1.3-122-gbad8e13-2025.02.14.11.04_amd64.files
moveit_visual_tools,3.6.1-4-g8899ab4-2025.02.14.10.30,https://github.com/moveit/moveit_visual_tools/tree/noetic-devel,success,moveit_visual_tools_3.6.1-4-g8899ab4-2025.02.14.10.30-bloom_generate.log,ros-one-moveit-visual-tools_3.6.1-4-g8899ab4-2025.02.14.10.30_amd64-2025-02-14T10:30:57Z.build,ros-one-moveit-visual-tools_3.6.1-4-g8899ab4-2025.02.14.10.30_amd64.deb,ros-one-moveit-visual-tools_3.6.1-4-g8899ab4-2025.02.14.10.30_amd64.files
panda_moveit_config,0.8.1-7-ga86da56-2025.02.14.10.35,https://github.com/moveit/panda_moveit_config/tree/noetic-devel,success,panda_moveit_config_0.8.1-7-ga86da56-2025.02.14.10.35-bloom_generate.log,ros-one-panda-moveit-config_0.8.1-7-ga86da56-2025.02.14.10.35_amd64-2025-02-14T10:35:51Z.build,ros-one-panda-moveit-config_0.8.1-7-ga86da56-2025.02.14.10.35_amd64.deb,ros-one-panda-moveit-config_0.8.1-7-ga86da56-2025.02.14.10.35_amd64.files
people,1.4.2-6-gcfd7892-2025.02.14.10.39,https://github.com/ros-o/people/tree/obese-devel,success,people_1.4.2-6-gcfd7892-2025.02.14.10.39-bloom_generate.log,ros-one-people_1.4.2-6-gcfd7892-2025.02.14.10.39_amd64-2025-02-14T10:39:13Z.build,ros-one-people_1.4.2-6-gcfd7892-2025.02.14.10.39_amd64.deb,ros-one-people_1.4.2-6-gcfd7892-2025.02.14.10.39_amd64.files
people_msgs,1.4.2-6-gcfd7892-2025.02.14.10.42,https://github.com/ros-o/people/tree/obese-devel,success,people_msgs_1.4.2-6-gcfd7892-2025.02.14.10.42-bloom_generate.log,ros-one-people-msgs_1.4.2-6-gcfd7892-2025.02.14.10.42_amd64-2025-02-14T10:42:34Z.build,ros-one-people-msgs_1.4.2-6-gcfd7892-2025.02.14.10.42_amd64.deb,ros-one-people-msgs_1.4.2-6-gcfd7892-2025.02.14.10.42_amd64.files
face_detector,1.4.2-6-gcfd7892-2025.02.14.10.46,https://github.com/ros-o/people/tree/obese-devel,success,face_detector_1.4.2-6-gcfd7892-2025.02.14.10.46-bloom_generate.log,ros-one-face-detector_1.4.2-6-gcfd7892-2025.02.14.10.46_amd64-2025-02-14T10:46:02Z.build,ros-one-face-detector_1.4.2-6-gcfd7892-2025.02.14.10.46_amd64.deb,ros-one-face-detector_1.4.2-6-gcfd7892-2025.02.14.10.46_amd64.files
people_tracking_filter,1.4.2-6-gcfd7892-2025.02.14.10.50,https://github.com/ros-o/people/tree/obese-devel,failed-sbuild,people_tracking_filter_1.4.2-6-gcfd7892-2025.02.14.10.50-bloom_generate.log,ros-one-people-tracking-filter_1.4.2-6-gcfd7892-2025.02.14.10.50_amd64-2025-02-14T10:50:53Z.build,,
leg_detector,1.4.2-6-gcfd7892-2025.02.14.10.53,https://github.com/ros-o/people/tree/obese-devel,failed-sbuild,leg_detector_1.4.2-6-gcfd7892-2025.02.14.10.53-bloom_generate.log,ros-one-leg-detector_1.4.2-6-gcfd7892-2025.02.14.10.53_amd64-2025-02-14T10:53:58Z.build,,
people_velocity_tracker,1.4.2-6-gcfd7892-2025.02.14.10.56,https://github.com/ros-o/people/tree/obese-devel,success,people_velocity_tracker_1.4.2-6-gcfd7892-2025.02.14.10.56-bloom_generate.log,ros-one-people-velocity-tracker_1.4.2-6-gcfd7892-2025.02.14.10.56_amd64-2025-02-14T10:56:58Z.build,ros-one-people-velocity-tracker_1.4.2-6-gcfd7892-2025.02.14.10.56_amd64.deb,ros-one-people-velocity-tracker_1.4.2-6-gcfd7892-2025.02.14.10.56_amd64.files
rqt_robot_dashboard,0.5.8-1-g3d890a9-2025.02.14.11.01,https://github.com/ros-visualization/rqt_robot_dashboard/tree/master,success,rqt_robot_dashboard_0.5.8-1-g3d890a9-2025.02.14.11.01-bloom_generate.log,ros-one-rqt-robot-dashboard_0.5.8-1-g3d890a9-2025.02.14.11.01_amd64-2025-02-14T11:01:02Z.build,ros-one-rqt-robot-dashboard_0.5.8-1-g3d890a9-2025.02.14.11.01_amd64.deb,ros-one-rqt-robot-dashboard_0.5.8-1-g3d890a9-2025.02.14.11.01_amd64.files
cartesian_interface,0.1.7-1-gceffa65-2025.02.14.10.31,https://github.com/UniversalRobots/Universal_Robots_ROS_controllers_cartesian/tree/main,success,cartesian_interface_0.1.7-1-gceffa65-2025.02.14.10.31-bloom_generate.log,ros-one-cartesian-interface_0.1.7-1-gceffa65-2025.02.14.10.31_amd64-2025-02-14T10:31:12Z.build,ros-one-cartesian-interface_0.1.7-1-gceffa65-2025.02.14.10.31_amd64.deb,ros-one-cartesian-interface_0.1.7-1-gceffa65-2025.02.14.10.31_amd64.files
cartesian_trajectory_interpolation,0.1.7-1-gceffa65-2025.02.14.10.34,https://github.com/UniversalRobots/Universal_Robots_ROS_controllers_cartesian/tree/main,success,cartesian_trajectory_interpolation_0.1.7-1-gceffa65-2025.02.14.10.34-bloom_generate.log,ros-one-cartesian-trajectory-interpolation_0.1.7-1-gceffa65-2025.02.14.10.34_amd64-2025-02-14T10:34:40Z.build,ros-one-cartesian-trajectory-interpolation_0.1.7-1-gceffa65-2025.02.14.10.34_amd64.deb,ros-one-cartesian-trajectory-interpolation_0.1.7-1-gceffa65-2025.02.14.10.34_amd64.files
cartesian_trajectory_controller,0.1.7-1-gceffa65-2025.02.14.10.38,https://github.com/UniversalRobots/Universal_Robots_ROS_controllers_cartesian/tree/main,success,cartesian_trajectory_controller_0.1.7-1-gceffa65-2025.02.14.10.38-bloom_generate.log,ros-one-cartesian-trajectory-controller_0.1.7-1-gceffa65-2025.02.14.10.38_amd64-2025-02-14T10:38:34Z.build,ros-one-cartesian-trajectory-controller_0.1.7-1-gceffa65-2025.02.14.10.38_amd64.deb,ros-one-cartesian-trajectory-controller_0.1.7-1-gceffa65-2025.02.14.10.38_amd64.files
moveit_by_name,1.0.0-2025.02.14.10.42,https://github.com/TAMS-Group/moveit_by_name/tree/main,success,moveit_by_name_1.0.0-2025.02.14.10.42-bloom_generate.log,ros-one-moveit-by-name_1.0.0-2025.02.14.10.42_amd64-2025-02-14T10:42:47Z.build,ros-one-moveit-by-name_1.0.0-2025.02.14.10.42_amd64.deb,ros-one-moveit-by-name_1.0.0-2025.02.14.10.42_amd64.files
moveit_opw_kinematics_plugin,0.4.0-4-gfa51c00-2025.02.14.10.47,https://github.com/JeroenDM/moveit_opw_kinematics_plugin/tree/noetic-devel,success,moveit_opw_kinematics_plugin_0.4.0-4-gfa51c00-2025.02.14.10.47-bloom_generate.log,ros-one-moveit-opw-kinematics-plugin_0.4.0-4-gfa51c00-2025.02.14.10.47_amd64-2025-02-14T10:47:01Z.build,ros-one-moveit-opw-kinematics-plugin_0.4.0-4-gfa51c00-2025.02.14.10.47_amd64.deb,ros-one-moveit-opw-kinematics-plugin_0.4.0-4-gfa51c00-2025.02.14.10.47_amd64.files
ros_controllers_cartesian,0.1.7-1-gceffa65-2025.02.14.10.50,https://github.com/UniversalRobots/Universal_Robots_ROS_controllers_cartesian/tree/main,success,ros_controllers_cartesian_0.1.7-1-gceffa65-2025.02.14.10.50-bloom_generate.log,ros-one-ros-controllers-cartesian_0.1.7-1-gceffa65-2025.02.14.10.50_amd64-2025-02-14T10:50:58Z.build,ros-one-ros-controllers-cartesian_0.1.7-1-gceffa65-2025.02.14.10.50_amd64.deb,ros-one-ros-controllers-cartesian_0.1.7-1-gceffa65-2025.02.14.10.50_amd64.files
rqt_action,0.4.9-14-gfd461f4-2025.02.14.10.54,https://github.com/ros-visualization/rqt_action/tree/master,success,rqt_action_0.4.9-14-gfd461f4-2025.02.14.10.54-bloom_generate.log,ros-one-rqt-action_0.4.9-14-gfd461f4-2025.02.14.10.54_amd64-2025-02-14T10:54:17Z.build,ros-one-rqt-action_0.4.9-14-gfd461f4-2025.02.14.10.54_amd64.deb,ros-one-rqt-action_0.4.9-14-gfd461f4-2025.02.14.10.54_amd64.files
rqt_srv,0.4.9-1-g876365e-2025.02.14.10.57,https://github.com/ros-visualization/rqt_srv/tree/master,success,rqt_srv_0.4.9-1-g876365e-2025.02.14.10.57-bloom_generate.log,ros-one-rqt-srv_0.4.9-1-g876365e-2025.02.14.10.57_amd64-2025-02-14T10:57:37Z.build,ros-one-rqt-srv_0.4.9-1-g876365e-2025.02.14.10.57_amd64.deb,ros-one-rqt-srv_0.4.9-1-g876365e-2025.02.14.10.57_amd64.files
twist_controller,0.1.7-1-gceffa65-2025.02.14.11.00,https://github.com/UniversalRobots/Universal_Robots_ROS_controllers_cartesian/tree/main,success,twist_controller_0.1.7-1-gceffa65-2025.02.14.11.00-bloom_generate.log,ros-one-twist-controller_0.1.7-1-gceffa65-2025.02.14.11.00_amd64-2025-02-14T11:00:58Z.build,ros-one-twist-controller_0.1.7-1-gceffa65-2025.02.14.11.00_amd64.deb,ros-one-twist-controller_0.1.7-1-gceffa65-2025.02.14.11.00_amd64.files
moveit_monitoring,1.0.0-2025.02.14.10.33,https://github.com/v4hn/moveit_monitoring/tree/main,success,moveit_monitoring_1.0.0-2025.02.14.10.33-bloom_generate.log,ros-one-moveit-monitoring_1.0.0-2025.02.14.10.33_amd64-2025-02-14T10:33:42Z.build,ros-one-moveit-monitoring_1.0.0-2025.02.14.10.33_amd64.deb,ros-one-moveit-monitoring_1.0.0-2025.02.14.10.33_amd64.files
qb_hand,0-2025.02.14.10.37,https://github.com/ros-o/qbhand-ros/tree/obese-devel,success,qb_hand_0-2025.02.14.10.37-bloom_generate.log,ros-one-qb-hand_0-2025.02.14.10.37_amd64-2025-02-14T10:37:35Z.build,ros-one-qb-hand_0-2025.02.14.10.37_amd64.deb,ros-one-qb-hand_0-2025.02.14.10.37_amd64.files
qb_hand_control,0-2025.02.14.10.40,https://github.com/ros-o/qbhand-ros/tree/obese-devel,success,qb_hand_control_0-2025.02.14.10.40-bloom_generate.log,ros-one-qb-hand-control_0-2025.02.14.10.40_amd64-2025-02-14T10:40:42Z.build,ros-one-qb-hand-control_0-2025.02.14.10.40_amd64.deb,ros-one-qb-hand-control_0-2025.02.14.10.40_amd64.files
qb_hand_description,0-2025.02.14.10.43,https://github.com/ros-o/qbhand-ros/tree/obese-devel,success,qb_hand_description_0-2025.02.14.10.43-bloom_generate.log,ros-one-qb-hand-description_0-2025.02.14.10.43_amd64-2025-02-14T10:43:53Z.build,ros-one-qb-hand-description_0-2025.02.14.10.43_amd64.deb,ros-one-qb-hand-description_0-2025.02.14.10.43_amd64.files
qb_hand_gazebo,0-2025.02.14.10.47,https://github.com/ros-o/qbhand-ros/tree/obese-devel,failed-sbuild,qb_hand_gazebo_0-2025.02.14.10.47-bloom_generate.log,ros-one-qb-hand-gazebo_0-2025.02.14.10.47_amd64-2025-02-14T10:47:06Z.build,,
qb_hand_hardware_interface,0-2025.02.14.10.49,https://github.com/ros-o/qbhand-ros/tree/obese-devel,success,qb_hand_hardware_interface_0-2025.02.14.10.49-bloom_generate.log,ros-one-qb-hand-hardware-interface_0-2025.02.14.10.49_amd64-2025-02-14T10:49:56Z.build,ros-one-qb-hand-hardware-interface_0-2025.02.14.10.49_amd64.deb,ros-one-qb-hand-hardware-interface_0-2025.02.14.10.49_amd64.files
trac_ik,0-2025.02.14.10.26,https://github.com/ros-o/trac_ik/tree/obese-devel,success,trac_ik_0-2025.02.14.10.26-bloom_generate.log,ros-one-trac-ik_0-2025.02.14.10.26_amd64-2025-02-14T10:26:14Z.build,ros-one-trac-ik_0-2025.02.14.10.26_amd64.deb,ros-one-trac-ik_0-2025.02.14.10.26_amd64.files
trac_ik_lib,0-2025.02.14.10.29,https://github.com/ros-o/trac_ik/tree/obese-devel,success,trac_ik_lib_0-2025.02.14.10.29-bloom_generate.log,ros-one-trac-ik-lib_0-2025.02.14.10.29_amd64-2025-02-14T10:29:32Z.build,ros-one-trac-ik-lib_0-2025.02.14.10.29_amd64.deb,ros-one-trac-ik-lib_0-2025.02.14.10.29_amd64.files
trac_ik_examples,0-2025.02.14.10.33,https://github.com/ros-o/trac_ik/tree/obese-devel,success,trac_ik_examples_0-2025.02.14.10.33-bloom_generate.log,ros-one-trac-ik-examples_0-2025.02.14.10.33_amd64-2025-02-14T10:33:31Z.build,ros-one-trac-ik-examples_0-2025.02.14.10.33_amd64.deb,ros-one-trac-ik-examples_0-2025.02.14.10.33_amd64.files
trac_ik_kinematics_plugin,0-2025.02.14.10.37,https://github.com/ros-o/trac_ik/tree/obese-devel,success,trac_ik_kinematics_plugin_0-2025.02.14.10.37-bloom_generate.log,ros-one-trac-ik-kinematics-plugin_0-2025.02.14.10.37_amd64-2025-02-14T10:37:14Z.build,ros-one-trac-ik-kinematics-plugin_0-2025.02.14.10.37_amd64.deb,ros-one-trac-ik-kinematics-plugin_0-2025.02.14.10.37_amd64.files
trac_ik_python,0-2025.02.14.10.41,https://github.com/ros-o/trac_ik/tree/obese-devel,success,trac_ik_python_0-2025.02.14.10.41-bloom_generate.log,ros-one-trac-ik-python_0-2025.02.14.10.41_amd64-2025-02-14T10:41:15Z.build,ros-one-trac-ik-python_0-2025.02.14.10.41_amd64.deb,ros-one-trac-ik-python_0-2025.02.14.10.41_amd64.files
universal_robots,1.3.3-3-gcce1f0e-2025.02.14.11.15,https://github.com/ros-industrial/universal_robot/tree/noetic-devel,success,universal_robots_1.3.3-3-gcce1f0e-2025.02.14.11.15-bloom_generate.log,ros-one-universal-robots_1.3.3-3-gcce1f0e-2025.02.14.11.15_amd64-2025-02-14T11:15:42Z.build,ros-one-universal-robots_1.3.3-3-gcce1f0e-2025.02.14.11.15_amd64.deb,ros-one-universal-robots_1.3.3-3-gcce1f0e-2025.02.14.11.15_amd64.files
ur10_moveit_config,1.3.3-3-gcce1f0e-2025.02.14.11.19,https://github.com/ros-industrial/universal_robot/tree/noetic-devel,success,ur10_moveit_config_1.3.3-3-gcce1f0e-2025.02.14.11.19-bloom_generate.log,ros-one-ur10-moveit-config_1.3.3-3-gcce1f0e-2025.02.14.11.19_amd64-2025-02-14T11:19:13Z.build,ros-one-ur10-moveit-config_1.3.3-3-gcce1f0e-2025.02.14.11.19_amd64.deb,ros-one-ur10-moveit-config_1.3.3-3-gcce1f0e-2025.02.14.11.19_amd64.files
ur10e_moveit_config,1.3.3-3-gcce1f0e-2025.02.14.11.22,https://github.com/ros-industrial/universal_robot/tree/noetic-devel,success,ur10e_moveit_config_1.3.3-3-gcce1f0e-2025.02.14.11.22-bloom_generate.log,ros-one-ur10e-moveit-config_1.3.3-3-gcce1f0e-2025.02.14.11.22_amd64-2025-02-14T11:22:45Z.build,ros-one-ur10e-moveit-config_1.3.3-3-gcce1f0e-2025.02.14.11.22_amd64.deb,ros-one-ur10e-moveit-config_1.3.3-3-gcce1f0e-2025.02.14.11.22_amd64.files
ur16e_moveit_config,1.3.3-3-gcce1f0e-2025.02.14.11.26,https://github.com/ros-industrial/universal_robot/tree/noetic-devel,success,ur16e_moveit_config_1.3.3-3-gcce1f0e-2025.02.14.11.26-bloom_generate.log,ros-one-ur16e-moveit-config_1.3.3-3-gcce1f0e-2025.02.14.11.26_amd64-2025-02-14T11:26:17Z.build,ros-one-ur16e-moveit-config_1.3.3-3-gcce1f0e-2025.02.14.11.26_amd64.deb,ros-one-ur16e-moveit-config_1.3.3-3-gcce1f0e-2025.02.14.11.26_amd64.files
ur20_moveit_config,1.3.3-3-gcce1f0e-2025.02.14.11.29,https://github.com/ros-industrial/universal_robot/tree/noetic-devel,success,ur20_moveit_config_1.3.3-3-gcce1f0e-2025.02.14.11.29-bloom_generate.log,ros-one-ur20-moveit-config_1.3.3-3-gcce1f0e-2025.02.14.11.29_amd64-2025-02-14T11:29:48Z.build,ros-one-ur20-moveit-config_1.3.3-3-gcce1f0e-2025.02.14.11.29_amd64.deb,ros-one-ur20-moveit-config_1.3.3-3-gcce1f0e-2025.02.14.11.29_amd64.files
ur30_moveit_config,1.3.3-3-gcce1f0e-2025.02.14.11.33,https://github.com/ros-industrial/universal_robot/tree/noetic-devel,success,ur30_moveit_config_1.3.3-3-gcce1f0e-2025.02.14.11.33-bloom_generate.log,ros-one-ur30-moveit-config_1.3.3-3-gcce1f0e-2025.02.14.11.33_amd64-2025-02-14T11:33:20Z.build,ros-one-ur30-moveit-config_1.3.3-3-gcce1f0e-2025.02.14.11.33_amd64.deb,ros-one-ur30-moveit-config_1.3.3-3-gcce1f0e-2025.02.14.11.33_amd64.files
ur3_moveit_config,1.3.3-3-gcce1f0e-2025.02.14.11.36,https://github.com/ros-industrial/universal_robot/tree/noetic-devel,success,ur3_moveit_config_1.3.3-3-gcce1f0e-2025.02.14.11.36-bloom_generate.log,ros-one-ur3-moveit-config_1.3.3-3-gcce1f0e-2025.02.14.11.36_amd64-2025-02-14T11:36:54Z.build,ros-one-ur3-moveit-config_1.3.3-3-gcce1f0e-2025.02.14.11.36_amd64.deb,ros-one-ur3-moveit-config_1.3.3-3-gcce1f0e-2025.02.14.11.36_amd64.files
ur3e_moveit_config,1.3.3-3-gcce1f0e-2025.02.14.11.40,https://github.com/ros-industrial/universal_robot/tree/noetic-devel,success,ur3e_moveit_config_1.3.3-3-gcce1f0e-2025.02.14.11.40-bloom_generate.log,ros-one-ur3e-moveit-config_1.3.3-3-gcce1f0e-2025.02.14.11.40_amd64-2025-02-14T11:40:26Z.build,ros-one-ur3e-moveit-config_1.3.3-3-gcce1f0e-2025.02.14.11.40_amd64.deb,ros-one-ur3e-moveit-config_1.3.3-3-gcce1f0e-2025.02.14.11.40_amd64.files
ur5_moveit_config,1.3.3-3-gcce1f0e-2025.02.14.11.43,https://github.com/ros-industrial/universal_robot/tree/noetic-devel,success,ur5_moveit_config_1.3.3-3-gcce1f0e-2025.02.14.11.43-bloom_generate.log,ros-one-ur5-moveit-config_1.3.3-3-gcce1f0e-2025.02.14.11.43_amd64-2025-02-14T11:43:58Z.build,ros-one-ur5-moveit-config_1.3.3-3-gcce1f0e-2025.02.14.11.43_amd64.deb,ros-one-ur5-moveit-config_1.3.3-3-gcce1f0e-2025.02.14.11.43_amd64.files
ur5e_moveit_config,1.3.3-3-gcce1f0e-2025.02.14.11.47,https://github.com/ros-industrial/universal_robot/tree/noetic-devel,success,ur5e_moveit_config_1.3.3-3-gcce1f0e-2025.02.14.11.47-bloom_generate.log,ros-one-ur5e-moveit-config_1.3.3-3-gcce1f0e-2025.02.14.11.47_amd64-2025-02-14T11:47:31Z.build,ros-one-ur5e-moveit-config_1.3.3-3-gcce1f0e-2025.02.14.11.47_amd64.deb,ros-one-ur5e-moveit-config_1.3.3-3-gcce1f0e-2025.02.14.11.47_amd64.files
ur_description,1.3.3-3-gcce1f0e-2025.02.14.11.51,https://github.com/ros-industrial/universal_robot/tree/noetic-devel,success,ur_description_1.3.3-3-gcce1f0e-2025.02.14.11.51-bloom_generate.log,ros-one-ur-description_1.3.3-3-gcce1f0e-2025.02.14.11.51_amd64-2025-02-14T11:51:06Z.build,ros-one-ur-description_1.3.3-3-gcce1f0e-2025.02.14.11.51_amd64.deb,ros-one-ur-description_1.3.3-3-gcce1f0e-2025.02.14.11.51_amd64.files
ur_gazebo,1.3.3-3-gcce1f0e-2025.02.14.11.54,https://github.com/ros-industrial/universal_robot/tree/noetic-devel,success,ur_gazebo_1.3.3-3-gcce1f0e-2025.02.14.11.54-bloom_generate.log,ros-one-ur-gazebo_1.3.3-3-gcce1f0e-2025.02.14.11.54_amd64-2025-02-14T11:54:58Z.build,ros-one-ur-gazebo_1.3.3-3-gcce1f0e-2025.02.14.11.54_amd64.deb,ros-one-ur-gazebo_1.3.3-3-gcce1f0e-2025.02.14.11.54_amd64.files
ur_kinematics,1.3.3-3-gcce1f0e-2025.02.14.11.58,https://github.com/ros-industrial/universal_robot/tree/noetic-devel,success,ur_kinematics_1.3.3-3-gcce1f0e-2025.02.14.11.58-bloom_generate.log,ros-one-ur-kinematics_1.3.3-3-gcce1f0e-2025.02.14.11.58_amd64-2025-02-14T11:58:34Z.build,ros-one-ur-kinematics_1.3.3-3-gcce1f0e-2025.02.14.11.58_amd64.deb,ros-one-ur-kinematics_1.3.3-3-gcce1f0e-2025.02.14.11.58_amd64.files
industrial_robot_status_interface,0.1.2-5-gab74b6e-2025.02.14.11.15,https://github.com/gavanderhoorn/industrial_robot_status_controller/tree/master,success,industrial_robot_status_interface_0.1.2-5-gab74b6e-2025.02.14.11.15-bloom_generate.log,ros-one-industrial-robot-status-interface_0.1.2-5-gab74b6e-2025.02.14.11.15_amd64-2025-02-14T11:15:05Z.build,ros-one-industrial-robot-status-interface_0.1.2-5-gab74b6e-2025.02.14.11.15_amd64.deb,ros-one-industrial-robot-status-interface_0.1.2-5-gab74b6e-2025.02.14.11.15_amd64.files
industrial_robot_status_controller,0.1.2-5-gab74b6e-2025.02.14.11.18,https://github.com/gavanderhoorn/industrial_robot_status_controller/tree/master,success,industrial_robot_status_controller_0.1.2-5-gab74b6e-2025.02.14.11.18-bloom_generate.log,ros-one-industrial-robot-status-controller_0.1.2-5-gab74b6e-2025.02.14.11.18_amd64-2025-02-14T11:18:53Z.build,ros-one-industrial-robot-status-controller_0.1.2-5-gab74b6e-2025.02.14.11.18_amd64.deb,ros-one-industrial-robot-status-controller_0.1.2-5-gab74b6e-2025.02.14.11.18_amd64.files
moveit_calibration_plugins,0.1.1-10-ga883ec2-2025.02.14.11.22,https://github.com/moveit/moveit_calibration/tree/master,failed-sbuild,moveit_calibration_plugins_0.1.1-10-ga883ec2-2025.02.14.11.22-bloom_generate.log,ros-one-moveit-calibration-plugins_0.1.1-10-ga883ec2-2025.02.14.11.22_amd64-2025-02-14T11:22:52Z.build,,
moveit_calibration_gui,0.1.1-10-ga883ec2-2025.02.14.11.27,https://github.com/moveit/moveit_calibration/tree/master,failed-sbuild,moveit_calibration_gui_0.1.1-10-ga883ec2-2025.02.14.11.27-bloom_generate.log,ros-one-moveit-calibration-gui_0.1.1-10-ga883ec2-2025.02.14.11.27_amd64-2025-02-14T11:27:42Z.build,,
moveit_tutorials,0-2025.02.14.11.30,https://github.com/moveit/moveit_tutorials/tree/master,success,moveit_tutorials_0-2025.02.14.11.30-bloom_generate.log,ros-one-moveit-tutorials_0-2025.02.14.11.30_amd64-2025-02-14T11:31:05Z.build,ros-one-moveit-tutorials_0-2025.02.14.11.30_amd64.deb,ros-one-moveit-tutorials_0-2025.02.14.11.30_amd64.files
mtc_pour,1.0.0-10-g65abf3c-2025.02.14.11.38,https://github.com/TAMS-Group/mtc_pour/tree/master,success,mtc_pour_1.0.0-10-g65abf3c-2025.02.14.11.38-bloom_generate.log,ros-one-mtc-pour_1.0.0-10-g65abf3c-2025.02.14.11.38_amd64-2025-02-14T11:38:59Z.build,ros-one-mtc-pour_1.0.0-10-g65abf3c-2025.02.14.11.38_amd64.deb,ros-one-mtc-pour_1.0.0-10-g65abf3c-2025.02.14.11.38_amd64.files
pass_through_controllers,0.1.0-12-g605909c-2025.02.14.11.44,https://github.com/UniversalRobots/Universal_Robots_ROS_passthrough_controllers/tree/main,success,pass_through_controllers_0.1.0-12-g605909c-2025.02.14.11.44-bloom_generate.log,ros-one-pass-through-controllers_0.1.0-12-g605909c-2025.02.14.11.44_amd64-2025-02-14T11:44:08Z.build,ros-one-pass-through-controllers_0.1.0-12-g605909c-2025.02.14.11.44_amd64.deb,ros-one-pass-through-controllers_0.1.0-12-g605909c-2025.02.14.11.44_amd64.files
rqt_common_plugins,0.4.9-2-gb89e918e-2025.02.14.11.48,https://github.com/ros-visualization/rqt_common_plugins/tree/master,success,rqt_common_plugins_0.4.9-2-gb89e918e-2025.02.14.11.48-bloom_generate.log,ros-one-rqt-common-plugins_0.4.9-2-gb89e918e-2025.02.14.11.48_amd64-2025-02-14T11:48:43Z.build,ros-one-rqt-common-plugins_0.4.9-2-gb89e918e-2025.02.14.11.48_amd64.deb,ros-one-rqt-common-plugins_0.4.9-2-gb89e918e-2025.02.14.11.48_amd64.files
rqt_robot_plugins,0.5.8-1-g6e17809-2025.02.14.11.52,https://github.com/ros-visualization/rqt_robot_plugins/tree/master,success,rqt_robot_plugins_0.5.8-1-g6e17809-2025.02.14.11.52-bloom_generate.log,ros-one-rqt-robot-plugins_0.5.8-1-g6e17809-2025.02.14.11.52_amd64-2025-02-14T11:52:23Z.build,ros-one-rqt-robot-plugins_0.5.8-1-g6e17809-2025.02.14.11.52_amd64.deb,ros-one-rqt-robot-plugins_0.5.8-1-g6e17809-2025.02.14.11.52_amd64.files
desktop,1.5.0-2025.02.14.12.07,https://github.com/ros/metapackages/tree/noetic-devel,success,desktop_1.5.0-2025.02.14.12.07-bloom_generate.log,ros-one-desktop_1.5.0-2025.02.14.12.07_amd64-2025-02-14T12:07:48Z.build,ros-one-desktop_1.5.0-2025.02.14.12.07_amd64.deb,ros-one-desktop_1.5.0-2025.02.14.12.07_amd64.files
desktop_full,1.5.0-2025.02.14.12.11,https://github.com/ros/metapackages/tree/noetic-devel,success,desktop_full_1.5.0-2025.02.14.12.11-bloom_generate.log,ros-one-desktop-full_1.5.0-2025.02.14.12.11_amd64-2025-02-14T12:11:27Z.build,ros-one-desktop-full_1.5.0-2025.02.14.12.11_amd64.deb,ros-one-desktop-full_1.5.0-2025.02.14.12.11_amd64.files
perception,1.5.0-2025.02.14.12.15,https://github.com/ros/metapackages/tree/noetic-devel,success,perception_1.5.0-2025.02.14.12.15-bloom_generate.log,ros-one-perception_1.5.0-2025.02.14.12.15_amd64-2025-02-14T12:15:07Z.build,ros-one-perception_1.5.0-2025.02.14.12.15_amd64.deb,ros-one-perception_1.5.0-2025.02.14.12.15_amd64.files
robot,1.5.0-2025.02.14.12.18,https://github.com/ros/metapackages/tree/noetic-devel,success,robot_1.5.0-2025.02.14.12.18-bloom_generate.log,ros-one-robot_1.5.0-2025.02.14.12.18_amd64-2025-02-14T12:18:51Z.build,ros-one-robot_1.5.0-2025.02.14.12.18_amd64.deb,ros-one-robot_1.5.0-2025.02.14.12.18_amd64.files
ros_base,1.5.0-2025.02.14.12.22,https://github.com/ros/metapackages/tree/noetic-devel,success,ros_base_1.5.0-2025.02.14.12.22-bloom_generate.log,ros-one-ros-base_1.5.0-2025.02.14.12.22_amd64-2025-02-14T12:22:36Z.build,ros-one-ros-base_1.5.0-2025.02.14.12.22_amd64.deb,ros-one-ros-base_1.5.0-2025.02.14.12.22_amd64.files
ros_core,1.5.0-2025.02.14.12.26,https://github.com/ros/metapackages/tree/noetic-devel,success,ros_core_1.5.0-2025.02.14.12.26-bloom_generate.log,ros-one-ros-core_1.5.0-2025.02.14.12.26_amd64-2025-02-14T12:26:20Z.build,ros-one-ros-core_1.5.0-2025.02.14.12.26_amd64.deb,ros-one-ros-core_1.5.0-2025.02.14.12.26_amd64.files
simulators,1.5.0-2025.02.14.12.30,https://github.com/ros/metapackages/tree/noetic-devel,success,simulators_1.5.0-2025.02.14.12.30-bloom_generate.log,ros-one-simulators_1.5.0-2025.02.14.12.30_amd64-2025-02-14T12:30:01Z.build,ros-one-simulators_1.5.0-2025.02.14.12.30_amd64.deb,ros-one-simulators_1.5.0-2025.02.14.12.30_amd64.files
viz,1.5.0-2025.02.14.12.33,https://github.com/ros/metapackages/tree/noetic-devel,success,viz_1.5.0-2025.02.14.12.33-bloom_generate.log,ros-one-viz_1.5.0-2025.02.14.12.33_amd64-2025-02-14T12:33:45Z.build,ros-one-viz_1.5.0-2025.02.14.12.33_amd64.deb,ros-one-viz_1.5.0-2025.02.14.12.33_amd64.files
ur_dashboard_msgs,2.1.5-13-gc64d549-2025.02.14.12.09,https://github.com/UniversalRobots/Universal_Robots_ROS_Driver/tree/master,success,ur_dashboard_msgs_2.1.5-13-gc64d549-2025.02.14.12.09-bloom_generate.log,ros-one-ur-dashboard-msgs_2.1.5-13-gc64d549-2025.02.14.12.09_amd64-2025-02-14T12:09:46Z.build,ros-one-ur-dashboard-msgs_2.1.5-13-gc64d549-2025.02.14.12.09_amd64.deb,ros-one-ur-dashboard-msgs_2.1.5-13-gc64d549-2025.02.14.12.09_amd64.files
ur_robot_driver,2.1.5-13-gc64d549-2025.02.14.12.13,https://github.com/UniversalRobots/Universal_Robots_ROS_Driver/tree/master,success,ur_robot_driver_2.1.5-13-gc64d549-2025.02.14.12.13-bloom_generate.log,ros-one-ur-robot-driver_2.1.5-13-gc64d549-2025.02.14.12.13_amd64-2025-02-14T12:13:37Z.build,ros-one-ur-robot-driver_2.1.5-13-gc64d549-2025.02.14.12.13_amd64.deb,ros-one-ur-robot-driver_2.1.5-13-gc64d549-2025.02.14.12.13_amd64.files
ur_calibration,2.1.5-13-gc64d549-2025.02.14.12.18,https://github.com/UniversalRobots/Universal_Robots_ROS_Driver/tree/master,success,ur_calibration_2.1.5-13-gc64d549-2025.02.14.12.18-bloom_generate.log,ros-one-ur-calibration_2.1.5-13-gc64d549-2025.02.14.12.18_amd64-2025-02-14T12:18:42Z.build,ros-one-ur-calibration_2.1.5-13-gc64d549-2025.02.14.12.18_amd64.deb,ros-one-ur-calibration_2.1.5-13-gc64d549-2025.02.14.12.18_amd64.files
